NAME	TITLE	SCORE	
SMARCA2		2.3278477	
MAZ		2.24256	
SNX19		2.1145716	
LENG8		2.105163	
MCC		2.0866249	
POGK		2.07347	
TRAF7		2.004013	
HDLBP		2.0016997	
SNRNP70		1.9641486	
ISLR		1.9473629	
NECTIN1		1.9390197	
MYOF		1.9363056	
TPM1		1.916355	
PSMD2		1.901248	
CTNND1		1.8895447	
CSRP1		1.8865047	
ZNFX1		1.8646141	
GBF1		1.8615705	
TUBB		1.8505487	
TIMP2		1.8503932	
RNF19B		1.849403	
SHC1		1.8458049	
ECE1		1.8383985	
MAP1B		1.8308046	
DHX9		1.8231468	
ALDOA		1.816926	
SDC1		1.8138632	
JAG1		1.8112375	
TLE5		1.8112341	
ERGIC3		1.7911336	
SEC61A1		1.7903283	
ASXL1		1.7768351	
AEBP1		1.7765546	
LDHA		1.7717384	
TUBA1B		1.7656463	
GABRE		1.7651044	
NRP1		1.7604265	
MN1		1.7603734	
FUS		1.7549427	
CLIC1		1.7520066	
DLGAP4		1.7393973	
SREK1		1.7229443	
EIF4G1		1.7164788	
FOSL2		1.7164702	
PPIA		1.7126886	
AK2		1.710228	
SRCAP		1.7082365	
TCF4		1.7055122	
UBC		1.6980858	
HNRNPL		1.6971143	
FTH1		1.6852118	
WIZ		1.6742387	
PDGFRB		1.6722654	
ATXN1		1.6648546	
IRS1		1.6638267	
SKP2		1.6591958	
FOXK1		1.6562965	
ACOX1		1.6550307	
DKK3		1.6541823	
ZNF207		1.6540527	
SH3D19		1.6499212	
RNF19A		1.6473935	
ZNF592		1.6436611	
YME1L1		1.6434819	
PRKACA		1.638489	
RPS14		1.6358033	
PARP14		1.6339822	
BCL9L		1.6332417	
ENAH		1.6322174	
RGMA		1.6287638	
SRSF5		1.6264387	
RBFOX2		1.6216698	
ETS2		1.6205018	
THY1		1.6167443	
PABPN1		1.6158015	
NAV2		1.6157454	
TMC4		1.6151233	
HMGB1		1.6145059	
TTF2		1.6056292	
CTSB		1.6018314	
NRDE2		1.5976167	
HNRNPA1		1.5765569	
GUSB		1.5749272	
MADD		1.5690377	
MAPK1IP1L		1.5533566	
FAM120A		1.5528252	
CAPZB		1.5515721	
LPP		1.5487337	
LRCH3		1.5486414	
GNAS		1.54738	
IGF2R		1.5420195	
RPS20		1.5417367	
YLPM1		1.5373611	
FLNB		1.5349926	
ELMOD3		1.5323071	
ADGRG1		1.5309529	
LAMB1		1.529783	
EIF4A1		1.5292414	
IRF2BP2		1.527018	
VIM		1.5268431	
ADAR		1.5214065	
EP300		1.5184762	
RPL4		1.5151849	
LASP1		1.5144511	
RPS19		1.5124395	
RPSA		1.5118402	
HNRNPA2B1		1.5091422	
UBE4B		1.508905	
FTL		1.5017627	
RPL27A		1.500921	
YBX3		1.5003821	
BRD4		1.4976566	
UFD1		1.4958041	
GREM1		1.4955196	
ARHGEF2		1.4952743	
GTF3C1		1.4914045	
INTS3		1.4911499	
GLUL		1.490007	
UBAP2L		1.4886674	
POM121		1.4881933	
NFIX		1.4850509	
NPM1		1.4839644	
SHANK2		1.4821054	
JARID2		1.481695	
CSDE1		1.4749411	
HSPA5		1.4741795	
ARID1B		1.4733281	
ANTXR1		1.4726714	
KPNB1		1.4720268	
ACIN1		1.4711847	
NDUFA9		1.4682094	
TMEM94		1.4680418	
RHOC		1.4676245	
PODXL		1.4638132	
NDUFS1		1.4617658	
AUTS2		1.4616122	
GAPDH		1.4613322	
RCC2		1.4610095	
ARHGEF7		1.4579216	
LDB1		1.4572036	
EEF1A1		1.455675	
SPTBN1		1.4508649	
KIAA1671		1.448453	
ARF3		1.4475193	
HIP1		1.4465829	
TGOLN2		1.4450634	
HNRNPC		1.4434885	
ATXN7L3		1.4422451	
RPL15		1.4420365	
ADIPOR1		1.4387282	
AP2M1		1.4369477	
SF3B3		1.4337382	
GATAD2B		1.4332055	
FHDC1		1.4316924	
PRRC2B		1.43139	
IVNS1ABP		1.4302537	
ARPC2		1.4286886	
SMC1A		1.4279125	
B2M		1.4258825	
CUL4A		1.424444	
LIMA1		1.4204489	
ZMIZ1		1.4202145	
OXA1L		1.4200801	
DROSHA		1.4200064	
ACTN1		1.4125546	
PDCD11		1.4120659	
FN1		1.4092878	
DNAJC11		1.4058015	
CIC		1.4054282	
ATP2B4		1.4039528	
RHOA		1.4005197	
ITGA6		1.3996593	
GLS		1.3988273	
WWC3		1.3980287	
GOSR2		1.3976727	
ARHGAP1		1.397524	
ANKRD40		1.3964659	
MAGED1		1.3962976	
TAGLN2		1.3960506	
B4GALT5		1.394234	
DDX5		1.3939884	
TRAM2		1.3915529	
HSPB1		1.3910085	
EPN2		1.3896958	
CAPNS1		1.3891491	
MATR3		1.3883711	
ANXA8		1.3855989	
PHKG2		1.3840836	
ATXN2L		1.3795818	
AMBRA1		1.3760495	
COL11A1		1.3757935	
ATP2C1		1.3756276	
PHF12		1.3751713	
RACK1		1.3724974	
HCFC1		1.371447	
RAB10		1.3708365	
VGLL4		1.3692572	
CSNK1E		1.3675268	
DEK		1.3670487	
NPAS2		1.3668007	
CLTC		1.3656815	
COL6A3		1.3635073	
CD99		1.3580225	
URB1		1.3577243	
ANP32A		1.3576171	
BAZ1B		1.3568285	
BGN		1.3567632	
TARBP1		1.3561589	
TMEM181		1.352196	
GANAB		1.350816	
SULF2		1.3495089	
ARHGAP17		1.3494377	
NPIPA1		1.3488129	
GNAI2		1.3485482	
KIAA1217		1.3475293	
EIF4B		1.344067	
MTSS1		1.3435235	
KRT6A		1.3435023	
ACTG1		1.3432063	
BNC2		1.3418708	
SLC1A5		1.3411434	
KREMEN1		1.3405644	
RALBP1		1.3397149	
ILF3		1.3390481	
RPS18		1.3372365	
FNIP2		1.3361642	
ZSWIM8		1.3356023	
RAI1		1.3355578	
STK24		1.3348753	
ILRUN		1.3343459	
VMP1		1.3321323	
ATN1		1.3317783	
ACO1		1.3273172	
PRDM1		1.327008	
TCF20		1.3261092	
NT5DC2		1.3241652	
HNRNPUL1		1.3220417	
TGFBI		1.3211309	
RPL3		1.3210756	
SPPL3		1.3198035	
ACTN4		1.3192331	
ACTR2		1.3168715	
RAPH1		1.3168324	
MYL6		1.3145224	
POM121C		1.3142732	
FBXW4		1.3122979	
ZBTB40		1.311023	
MACF1		1.3096775	
BZW1		1.3094095	
NAV1		1.3085799	
HNRNPH1		1.3085749	
YY1		1.3069556	
TMSB10		1.3068861	
SNRNP200		1.3052332	
TBC1D22A		1.3042984	
NXF1		1.3024272	
KATNIP		1.3023268	
LAMC1		1.3022381	
FAT2		1.301163	
RAPGEFL1		1.298676	
EIF3F		1.2986469	
HSP90B1		1.2980814	
SMURF1		1.297483	
HDAC1		1.2973883	
TMED9		1.2970318	
MAPKAPK2		1.2964242	
F11R		1.2960004	
PKP1		1.2954519	
TUBA1C		1.2950015	
PRPF8		1.293253	
HNRNPA3		1.2918959	
DIDO1		1.2905698	
HSPA8		1.2904695	
ATP5MG		1.2888733	
PPP4R1		1.2885522	
TEAD2		1.2872906	
AP1G2		1.2871331	
OTUD7B		1.2870845	
XRCC5		1.286858	
MYO1D		1.286618	
NDST1		1.2856436	
RANBP10		1.2856038	
SMARCB1		1.2855505	
AHCTF1		1.2850975	
TRIOBP		1.2844598	
AHNAK2		1.2839733	
BACE2		1.2828962	
EIF5A		1.282651	
MYADM		1.2826474	
CASP2		1.2815665	
ABHD2		1.2809792	
NONO		1.2805808	
EEF2K		1.2803154	
BRD2		1.2795637	
AAK1		1.2779182	
CCNL1		1.2771899	
CEP95		1.2749091	
VDAC1		1.2742683	
U2AF1		1.2729939	
IL17RA		1.272901	
ARFGAP2		1.2723099	
FKBP9		1.2680337	
AKT2		1.2677631	
PAM		1.2674607	
RNPS1		1.2672815	
SLC44A2		1.2666875	
TRIB1		1.2665414	
SLFN5		1.2664492	
SET		1.2644398	
POLR2A		1.2631086	
NPTN		1.2619529	
CALM1		1.2618792	
EXOC7		1.261209	
RPS29		1.2600113	
KLF6		1.2587093	
HEXA		1.2583661	
MYL9		1.257497	
ATP11B		1.2570562	
GPC1		1.255884	
MTSS2		1.2539839	
GPI		1.2514677	
FAM168A		1.2490537	
LARP1		1.2489164	
DYNC1H1		1.2483312	
PTPN23		1.2478279	
STIM2		1.2476237	
SAMD4B		1.2474371	
ENTPD6		1.2470751	
PALLD		1.245954	
TCERG1		1.2457782	
NDRG1		1.2456715	
TECR		1.2455293	
RPS6		1.2438208	
SLC25A44		1.243782	
ITPRID2		1.2432128	
TSHZ1		1.2429293	
PDE7A		1.2415774	
UBE2Q1		1.239842	
CBL		1.2397087	
SRSF11		1.2394127	
XPO6		1.2374878	
BCL6		1.2367305	
RPS2		1.2353871	
PICALM		1.2347307	
CIZ1		1.2327632	
YY1AP1		1.2315794	
MFSD1		1.2302568	
TTC14		1.2296062	
DBNL		1.2294403	
RAB7A		1.228938	
NUDCD3		1.2273583	
ZNF264		1.2246206	
CDC42BPA		1.2239763	
UBA1		1.223785	
RNF10		1.2230266	
DDX17		1.2228572	
AHNAK		1.2225462	
ZNF142		1.2219056	
NHSL1		1.2196062	
C6orf89		1.2177124	
ZFR		1.2172651	
CYB5R3		1.2170862	
RPL24		1.2166702	
COL6A2		1.2164515	
NPLOC4		1.2163544	
ST13		1.216259	
ZC3HAV1		1.212866	
SND1		1.2115879	
SAFB		1.2093748	
PRR12		1.2077286	
CDK11B		1.2060543	
EIF4H		1.2060269	
CALR		1.2035154	
ACTR1A		1.2034467	
HNRNPU		1.2030641	
MARCHF6		1.2012773	
UBQLN1		1.2009062	
DDX11		1.1986183	
COPA		1.1971009	
WSB1		1.1943717	
SORBS1		1.1939044	
GTF2IRD1		1.1921756	
ERCC1		1.1919847	
MMP14		1.1919768	
WASF2		1.190365	
PHKA2		1.1888058	
DTNA		1.1883001	
DAZAP2		1.1882358	
MIA3		1.1868099	
CTTN		1.1859055	
CD74		1.1858562	
ZNF512B		1.1857038	
MAP4		1.1846939	
RPL6		1.18406	
RSF1		1.1830199	
CCDC6		1.1829329	
PMP22		1.1819862	
USP24		1.1786195	
CASZ1		1.178092	
DCN		1.1776543	
TBC1D4		1.1761646	
ITGAV		1.1754079	
COL12A1		1.1751468	
PLXNA1		1.1747954	
RNF149		1.1740192	
PPP2R1A		1.1723621	
FURIN		1.1722966	
FAT1		1.1714464	
PES1		1.1708254	
HMGN1		1.1696053	
FHL2		1.1693535	
CEMIP		1.1690384	
HK2		1.1673969	
PRDM2		1.1665021	
PTOV1		1.1659874	
TMEM245		1.1658288	
PSAP		1.1652998	
LRBA		1.1641994	
TFE3		1.1638786	
PHLDA1		1.1635921	
CLSTN2		1.1611137	
SCAF4		1.1609086	
SLC6A8		1.1599495	
TBC1D14		1.1593343	
CCT3		1.15896	
NF2		1.1585008	
GAN		1.1573732	
GHITM		1.1571611	
MORF4L1		1.155881	
TTN		1.1549836	
SCAP		1.1511171	
ENTPD7		1.1509569	
RAC1		1.1502535	
ANXA6		1.1488608	
EIF2B4		1.1468759	
PARP9		1.1449689	
NR2F2		1.1449157	
MEF2D		1.1428171	
CREBBP		1.1426808	
COL27A1		1.1424906	
MAT2A		1.1424851	
ENO1		1.1419456	
SRRM2		1.1402097	
CHD7		1.1401356	
CCNI		1.1400656	
RRBP1		1.139598	
WNK1		1.1395966	
PCBP1		1.139322	
HNRNPD		1.1381682	
EMP1		1.1368124	
TMEM59		1.1362034	
EGFR		1.1357324	
UBXN4		1.1356056	
RIPOR1		1.1347451	
PNISR		1.1331844	
LRP1		1.1327044	
MEX3C		1.1326048	
OBSCN		1.1308105	
ZNF185		1.130782	
UBE3C		1.1298943	
SIK1		1.1296316	
HSP90AB1		1.1296271	
TMEM184B		1.1294415	
ATP6V1A		1.1293087	
TRIO		1.1274277	
PLAU		1.1258322	
KIRREL1		1.1252911	
RPL38		1.1248997	
PTPN12		1.124671	
FAM193A		1.1243445	
ACSL1		1.123872	
ZZEF1		1.1219419	
RSPRY1		1.1219361	
TMEM127		1.1217611	
COX4I1		1.1215546	
FLNA		1.1211693	
MDM4		1.1205657	
PAK1		1.1198249	
SPATA5		1.1192671	
HK1		1.119212	
ZNF335		1.1190238	
PHLPP1		1.1188252	
UBAP2		1.1181731	
P4HB		1.1168689	
CDK6		1.1155912	
OGT		1.1147206	
GTF2IRD2B		1.1146514	
HP1BP3		1.1142703	
TOX4		1.1135235	
SYNPO2		1.11315	
H3-3B		1.1118591	
EIF3A		1.1118147	
HIPK2		1.1106352	
CMIP		1.110046	
PLXNA3		1.1088011	
ELK3		1.1082343	
BAG6		1.1077996	
CRTAP		1.107761	
PARVA		1.1071203	
KSR1		1.1067388	
ACTA2		1.1060536	
QKI		1.1040921	
TRAK1		1.103478	
NEMF		1.103466	
TNKS1BP1		1.1034635	
RPL37		1.1029582	
TP63		1.10208	
MED15		1.1020253	
ANKH		1.1012465	
CALU		1.1012367	
MCM5		1.100926	
CD46		1.10091	
SNX17		1.1006151	
MICAL3		1.1001028	
TENM2		1.0994494	
FKBP1A		1.0994226	
PRMT7		1.0990639	
RNASET2		1.0980508	
ACTB		1.0968893	
HNRNPR		1.095405	
USP5		1.0949713	
MACROH2A1		1.0944281	
PPP6R3		1.0939974	
SERPING1		1.0934619	
DDX21		1.0924582	
SIK2		1.0916014	
GALNS		1.0906686	
KDM1A		1.0895947	
PRPSAP1		1.0889968	
ATXN1L		1.0882219	
CANX		1.088189	
CCN2		1.0881076	
OS9		1.0879902	
BRD9		1.0869128	
BMP1		1.0869092	
ITGA11		1.0864705	
EZR		1.0853165	
ZHX3		1.0846664	
BAG5		1.0841254	
PDLIM3		1.0819591	
SLC9A1		1.0818214	
TMEM259		1.0815364	
DICER1		1.0810877	
BCAP31		1.0808953	
MYH9		1.0806285	
RBM5		1.0794127	
ZNF326		1.0786674	
SPEN		1.0784324	
CLDN1		1.0776561	
DNM1		1.0772914	
MTMR4		1.077201	
COL6A1		1.0765914	
SCD		1.0762056	
PPP4C		1.0760673	
TRAPPC10		1.0760413	
FBN1		1.0759974	
SNX9		1.0755566	
CD248		1.0746739	
ABL1		1.0744345	
GRIPAP1		1.0743324	
DSP		1.0741318	
RPL41		1.07409	
UBTF		1.0737406	
PJA2		1.0736039	
PSME4		1.0721824	
GSN		1.0719874	
PDLIM5		1.071818	
DDI2		1.0713949	
TNFAIP3		1.0709057	
RBM39		1.0707889	
SNED1		1.0705377	
CEMIP2		1.0703241	
TRIP11		1.0700964	
CAST		1.0691626	
ZNF154		1.0681525	
SYNCRIP		1.0665967	
FBN2		1.0660194	
AREL1		1.0658191	
ACTR3		1.0649209	
DOCK1		1.0648857	
UBE2I		1.0645393	
ERGIC1		1.064048	
ENSA		1.0638918	
TMBIM6		1.0636818	
PSMB2		1.0635489	
MARK1		1.0626091	
ATRX		1.0621798	
NASP		1.0619718	
ADAM10		1.0616295	
PEDS1		1.0600846	
VPS41		1.0597821	
RPL8		1.0591983	
DDX27		1.058048	
DENND4B		1.0578047	
EIF4G3		1.057203	
SLC25A3		1.0570718	
PTGFRN		1.0566528	
RORA		1.0566461	
STAT6		1.0560893	
PDXDC1		1.0555581	
PSMD3		1.0552341	
VEGFA		1.0549629	
CFL1		1.0547229	
RAPGEF5		1.0542897	
MAU2		1.0541276	
SRSF6		1.0536478	
RGS12		1.0536116	
EHBP1L1		1.0535367	
GGA2		1.0528153	
PLXDC2		1.0526053	
NBPF19		1.052054	
GLIS2		1.0513172	
MAP1A		1.0505894	
CYFIP1		1.0495209	
NUP50		1.0489944	
CAV2		1.0487909	
LMAN2		1.0487233	
LAMA3		1.0477377	
ZNF652		1.0476065	
MLLT6		1.0474534	
GALNT10		1.0469587	
PTPA		1.046937	
NFIC		1.0464559	
PKP4		1.0464386	
PFN1		1.0456984	
PTMA		1.0455832	
SUFU		1.0453067	
OBSL1		1.0449855	
MAF		1.0445884	
DNAJB11		1.0442996	
KIAA0930		1.0440956	
ZDHHC5		1.0438675	
OAZ2		1.0436633	
WWTR1		1.0423795	
MAP4K4		1.0422016	
FMNL3		1.0420094	
LAMA5		1.0419555	
SH3GL1		1.0419085	
SREBF2		1.041341	
GRSF1		1.0402601	
SELENON		1.0394591	
PKM		1.0384146	
ERCC2		1.0376246	
SEPTIN9		1.0373526	
SKP1		1.0366201	
SGIP1		1.0360341	
RAD51D		1.0353267	
CDC42		1.0345446	
TANC1		1.0333246	
ITPR3		1.031971	
THADA		1.0319568	
ACSL3		1.0312593	
ACOT9		1.0310398	
CRTC2		1.0309063	
ACO2		1.0301313	
SNX29		1.0290568	
TCF7L2		1.0287592	
AKAP12		1.0283763	
ASCC2		1.0275084	
CD44		1.0271354	
ABCC1		1.0269715	
ZFP36L1		1.0268787	
CTSK		1.0268196	
NAGK		1.0267658	
ATP5F1A		1.0265552	
YBX1		1.0263891	
ZMYND8		1.0263737	
KRT6B		1.0263461	
CDH1		1.0251335	
PHRF1		1.0246471	
CALCOCO1		1.0243552	
CEP250		1.0243074	
MAPK8IP3		1.023993	
SRP68		1.0236757	
SAE1		1.0231296	
SLC7A8		1.022903	
EXT2		1.0226666	
VASH1		1.0223455	
TBC1D10B		1.0222983	
CCDC14		1.0221348	
SETBP1		1.0216194	
YWHAE		1.0200169	
MDN1		1.0189545	
AP3D1		1.0187445	
USP22		1.0176144	
HGSNAT		1.016845	
SPIRE1		1.0161945	
KIAA0100		1.0161942	
AKAP13		1.0157399	
CDC25B		1.0146098	
FADS1		1.0143514	
RAB6A		1.0143003	
SERPINE1		1.0139605	
NOTCH3		1.0137179	
SETD5		1.0134315	
SLK		1.0127997	
CHST15		1.0127594	
TPP2		1.0126544	
MCM3AP		1.0118983	
EPG5		1.0118895	
EIF4ENIF1		1.0114498	
CTPS1		1.0111629	
CDK4		1.0110265	
PRKY		1.0109017	
TENM4		1.0106524	
HOMER3		1.0095115	
SSH2		1.0077138	
PRRX1		1.0073694	
PIGQ		1.0065559	
TLE3		1.006221	
ZNF385A		1.0062053	
CNN2		1.005375	
PLXDC1		1.0050385	
MYO9A		1.0050353	
CNOT3		1.0048012	
CAPN2		1.0047021	
FHIP1A		1.0041262	
HERC3		1.0036995	
SLC29A1		1.0035965	
SOCS7		1.0032228	
IPO9		1.0028228	
RPL32		1.0020323	
DCHS1		1.0020232	
UBA52		1.0014722	
PRXL2A		1.0010085	
VWF		1.0007492	
VCAN		1.0007184	
SF3B1		1.0005146	
LMTK2		1.0004991	
PPL		1.000415	
KANSL1		1.0004007	
FNDC1		1.0002381	
MARK2		0.9995443	
RPL13		0.9993006	
STX16		0.99888307	
MSL1		0.99867874	
EXT1		0.99824995	
GLTP		0.99786544	
FAM102A		0.99753547	
KIF2A		0.9965386	
S100A16		0.9964489	
RNF213		0.9963844	
NREP		0.9962105	
KANSL3		0.9961906	
TPM4		0.9954303	
DOCK2		0.9942451	
CLPX		0.99361306	
ZC3H14		0.99287874	
PI4KB		0.99270034	
LUC7L3		0.9926655	
IST1		0.9925604	
TMED3		0.9925566	
DENND2B		0.9924122	
PSMF1		0.9911243	
ITGB5		0.9906426	
COL8A1		0.99020797	
ATP2A2		0.99017096	
ARHGEF4		0.98969936	
COL5A3		0.98911005	
RERE		0.98848087	
KCTD10		0.988241	
EGR1		0.98756623	
SEMA6D		0.98732096	
MVP		0.98687506	
MTMR3		0.98637843	
CDH23		0.98626465	
OAZ1		0.98597836	
LDLRAP1		0.98580146	
LUZP1		0.9857654	
PLEKHG4B		0.9854862	
NCOA4		0.98458856	
IP6K2		0.9845594	
VPS35		0.9845057	
PFKFB3		0.9839495	
TPT1		0.9835901	
APP		0.9828957	
THBS4		0.98266435	
ZNF469		0.98242414	
IFFO2		0.98226863	
U2AF2		0.9821558	
TNFRSF1A		0.98210025	
PRPF40A		0.98163533	
AKAP1		0.98136437	
SETD7		0.9810053	
KIAA2026		0.9808476	
HSPG2		0.98079324	
ZKSCAN1		0.980742	
RPS17		0.9802855	
BAP1		0.9797128	
NAP1L1		0.9790048	
AGAP1		0.97869456	
PMEPA1		0.9783612	
FERMT1		0.977664	
PLEKHM1		0.97763336	
RXRA		0.976483	
SFRP2		0.975381	
TAGLN		0.97492665	
SUMO2		0.97449076	
GFPT1		0.9743972	
ARPC1B		0.9741021	
MFGE8		0.973653	
GPR107		0.9736441	
DDB1		0.972564	
ABCA1		0.97245824	
GNB2		0.97217524	
AGO3		0.97181684	
TAPBP		0.9712099	
EIF3B		0.971097	
HUWE1		0.97079116	
SH3PXD2A		0.97024053	
EIF4A2		0.96942	
DIP2B		0.96926445	
EEF2		0.9692218	
CCNL2		0.96912366	
PIP5K1A		0.9686745	
PTPRF		0.9683067	
CAPG		0.9682611	
ESYT2		0.96818936	
RFFL		0.9676659	
MBD6		0.9676233	
MTDH		0.96695817	
GPRC5A		0.9659504	
SRPRA		0.9648653	
ADAMTS12		0.9648495	
MRC2		0.9639806	
KLF10		0.9637893	
MARCKS		0.9637382	
TNKS2		0.96341467	
SERP1		0.9633945	
TERF2		0.96320015	
ELL2		0.96293384	
FYTTD1		0.9620578	
XRRA1		0.9619194	
INPP5K		0.9617342	
KIF22		0.9616893	
PKD1P1		0.96095395	
SDHA		0.96060455	
LZTR1		0.9605519	
COL1A2		0.95955116	
HDGFL3		0.95945543	
SEH1L		0.9591372	
NUP42		0.9587888	
ARHGEF11		0.95852476	
RREB1		0.9579589	
CDC42BPB		0.9579357	
ULK1		0.9561798	
SNX1		0.95611984	
STAT5B		0.9553688	
PPP1R12B		0.954473	
CAP1		0.95441335	
SSU72		0.95418924	
YWHAZ		0.9535217	
WSB2		0.953162	
GRAMD4		0.9530614	
SYNPO		0.95282847	
TOR1A		0.95276624	
ADD1		0.95149475	
TCF3		0.95145553	
RAPGEF1		0.9507469	
PLXND1		0.9502305	
RIN2		0.95017344	
WWC1		0.9498966	
DLG1		0.9488855	
MGAT4B		0.94768333	
RBM33		0.9474141	
PPDPF		0.94721603	
RAB1B		0.947022	
TMBIM1		0.94633484	
NBEAL2		0.94605523	
APPBP2		0.94535595	
PBRM1		0.9452702	
PRPF3		0.9447297	
SREBF1		0.94383126	
NT5C2		0.94373494	
LONP2		0.9430805	
VPS4B		0.9426969	
HYOU1		0.9414043	
CTSA		0.9412296	
HSP90AA1		0.94103193	
BCAM		0.9409239	
TAFAZZIN		0.94071513	
FKBP4		0.9401825	
IQSEC1		0.9398569	
CTSZ		0.93981725	
NPIPB3		0.93953526	
MED12		0.93933475	
GARS1		0.93882024	
MPRIP		0.9380686	
PCNT		0.93778867	
HM13		0.93769777	
HNRNPM		0.9374653	
LIMCH1		0.93702483	
FOXJ2		0.93673044	
AP2B1		0.93672043	
TMPO		0.9365569	
MLXIP		0.9363149	
ABI2		0.9361622	
RICTOR		0.93602985	
DHX36		0.93508476	
SKAP2		0.9339875	
PRDX1		0.9327256	
PCDH7		0.93252707	
DDX18		0.9321756	
EPN1		0.9321174	
TUBA4A		0.93210506	
TNIP1		0.930661	
KAT6A		0.9305472	
MXRA7		0.92986494	
EVL		0.9291064	
SLC12A6		0.9282518	
DNMT3A		0.927577	
DDX3X		0.9273003	
WBP2		0.92527944	
PML		0.92522573	
CHD3		0.92491126	
BAZ2A		0.92489105	
TGIF1		0.9244249	
YWHAB		0.9238359	
ZNF703		0.92291003	
ARFGEF1		0.92278147	
MYO18A		0.9227675	
SSBP3		0.92265236	
NECTIN2		0.9225779	
PRR13		0.9216852	
MFN2		0.92155087	
PIGS		0.9213836	
TRAP1		0.92084944	
LMBR1L		0.9205528	
PLEKHA3		0.92050064	
XDH		0.9203721	
TAOK2		0.9199205	
SEPTIN11		0.9196672	
CXCL12		0.9195098	
DVL2		0.91889244	
PPP1R15B		0.91860247	
GABBR1		0.9184939	
PCNX4		0.9182971	
ARHGAP10		0.9182191	
HSPD1		0.91778517	
SESTD1		0.9175148	
COLGALT1		0.91749984	
IDH2		0.91699165	
LRRC41		0.9162943	
RAB14		0.9162363	
TCOF1		0.9141849	
CLASRP		0.9140981	
CIT		0.9140967	
TYK2		0.9140776	
CDS2		0.91392964	
OGA		0.9138121	
SLC16A2		0.913451	
SLC38A10		0.91319275	
AP1M1		0.91239774	
AKNA		0.91194606	
SORL1		0.91168773	
MGLL		0.9109541	
SERF2		0.9108587	
INHBA		0.910587	
SOX4		0.91002995	
WDR43		0.9100157	
EPC1		0.9098568	
JUNB		0.9091409	
TMTC1		0.9090148	
A2ML1		0.9084845	
C1S		0.90844613	
CRKL		0.90824145	
PRRC2C		0.907885	
PHF20L1		0.9072206	
NFIA		0.9059837	
NRDC		0.9058784	
SLCO2B1		0.90541387	
GSDMB		0.90505195	
DNMBP		0.9050089	
SH3BP5		0.904984	
HGS		0.9049345	
DDX39B		0.9048306	
UBE2H		0.9046415	
BRI3		0.9042917	
PSMD11		0.904286	
RRP1B		0.90402615	
SPNS1		0.90398103	
HEPH		0.90382755	
RBM6		0.9035427	
FAM53B		0.9024812	
SLC12A9		0.9020956	
GLUD1		0.9018474	
SCARB2		0.9016978	
NCOA6		0.9010403	
PABPC4		0.900967	
TAF10		0.90088457	
GRINA		0.9001362	
NBL1		0.89967054	
OFD1		0.8996588	
ASPM		0.8994346	
SETD1A		0.8987049	
ATG2A		0.8982853	
RNF168		0.89826006	
DCAF8		0.89806825	
TEAD3		0.89799553	
FHOD1		0.89785343	
KDM2B		0.8977533	
DSC2		0.89760476	
PPP2R3B		0.8971854	
SPP1		0.89710385	
RUSC2		0.8962692	
GDI1		0.89555174	
MCMBP		0.89509773	
COPB2		0.89492947	
PBXIP1		0.8947385	
NOL9		0.89411	
TPM3		0.8929539	
ARHGAP21		0.8926649	
SMG5		0.89259726	
RNF130		0.89248675	
GOT2		0.8924599	
GNL2		0.891217	
PPP1R12A		0.89055455	
RPL23		0.89037293	
IL1R1		0.8901009	
FBRS		0.8900406	
SSR1		0.8899987	
FLNC		0.889295	
HR		0.8892769	
GLG1		0.88890326	
RPLP0		0.88851416	
WDR59		0.88735604	
MYO15B		0.88735443	
PARP6		0.8868934	
WDR1		0.8864103	
VEGFB		0.8862694	
BOC		0.88610405	
PPFIBP1		0.88605666	
GAS7		0.8858442	
HERC2P3		0.8856252	
LITAF		0.8852698	
B4GALT1		0.8851603	
SRGAP2B		0.88515097	
BTG1		0.884914	
PIGT		0.8847074	
FBH1		0.8837434	
UTY		0.8835648	
SLC2A9		0.8834366	
ADAMTS2		0.8830728	
RHOQ		0.88304347	
PRRC1		0.8829557	
TTC3		0.8825131	
TNPO1		0.881868	
HSPA1A		0.8806197	
CAPN1		0.88053447	
PNRC1		0.8801836	
CSNK1A1		0.8801153	
BCAR1		0.88010716	
MMP2		0.8800216	
CLIP1		0.8785841	
UBP1		0.8785631	
AGAP6		0.8784477	
STAT2		0.8782355	
ARHGAP35		0.87802404	
MBD2		0.87743753	
RAB3GAP1		0.877025	
SPTAN1		0.8763409	
COL5A2		0.87531364	
RPL7		0.87514484	
TACC1		0.87462014	
CALD1		0.8745049	
ATL3		0.8743705	
MAP3K2		0.8739287	
COL4A5		0.8737644	
ZC3H18		0.8737528	
ANXA4		0.8737413	
MARF1		0.8736178	
CRAMP1		0.8735283	
GARRE1		0.8728182	
OPA1		0.87225896	
SLC44A1		0.87218887	
FAM53C		0.87138534	
KRT17		0.871167	
ATAD5		0.87104076	
EHBP1		0.87100095	
BRIX1		0.87090474	
LAMA4		0.87079203	
ABR		0.87000144	
NOTCH1		0.86943036	
RPL14		0.86942	
CARS1		0.8689997	
TMEM63B		0.8688772	
RIC8A		0.8682917	
ABCD4		0.8679417	
KIAA0513		0.8676579	
RHOT2		0.8670277	
SPCS1		0.86673045	
CAMKK2		0.86642057	
PKD1		0.86613	
MTA1		0.8656919	
ABLIM1		0.8656654	
SURF4		0.86561704	
SRGAP1		0.86558884	
RPL30		0.86548525	
SF3A2		0.86534923	
CBX6		0.8649639	
DTX3L		0.8646685	
PUM1		0.86455387	
ABCB8		0.86399937	
KIAA1522		0.86386627	
HSPA9		0.86369073	
FAM111A		0.86367416	
PER2		0.8627896	
LGMN		0.8625216	
PCNX3		0.86223	
SMARCC2		0.86178696	
PLOD1		0.86169267	
PXN		0.861356	
TNFAIP1		0.86123896	
ARPC5		0.8610596	
TRIM28		0.8604859	
KDELR1		0.8603453	
NUFIP2		0.8579727	
NXN		0.85789907	
CYLD		0.8569069	
NME7		0.85669845	
SEC31A		0.8566684	
CERCAM		0.8561373	
CHPF2		0.856028	
LTBR		0.8558466	
FAM193B		0.85567707	
TOMM40		0.8555779	
TTLL3		0.85528857	
PPP4R3A		0.8551269	
PFKL		0.8547387	
TNPO2		0.8546956	
DCTN1		0.85453385	
DSE		0.85437846	
TBC1D16		0.8542957	
ACLY		0.85420775	
BCKDK		0.85392076	
FBXO32		0.8537451	
DDX46		0.85362715	
TAF1		0.8532445	
RPL35A		0.85278136	
NACA		0.8526766	
ZDHHC20		0.85246116	
NDUFS2		0.85235274	
PVR		0.8521064	
PABPC1L		0.8521057	
CPSF1		0.85203326	
POMGNT1		0.85181415	
SLC12A2		0.8515021	
SDF4		0.8511948	
SSH1		0.85083354	
G6PC3		0.84958273	
RPS28		0.8490009	
FKBP15		0.84874934	
SSR4		0.84866434	
CDK5RAP3		0.84845656	
MEGF8		0.84820646	
UHRF2		0.8473526	
SON		0.8468883	
RBM25		0.84630495	
ERF		0.8460755	
PLAGL1		0.84577227	
SLC9A3R1		0.8454869	
CLSTN3		0.8454463	
CHPF		0.8450776	
STAB1		0.8449762	
OSMR		0.84494734	
NCOR2		0.84494275	
CREB1		0.84460753	
NDUFV1		0.8441704	
EPAS1		0.8439632	
XRCC6		0.84390706	
HDGF		0.84356225	
ERI3		0.84347683	
COL5A1		0.84345937	
ABCF3		0.8433874	
UNC13B		0.84282565	
MYH1		0.8426054	
EGLN2		0.84185106	
PTPRS		0.84181684	
LAMC2		0.8408621	
SEC24D		0.8408012	
SERINC5		0.84079564	
ANAPC1		0.8406922	
ITPRIPL2		0.8406528	
HDAC4		0.8405582	
EIF3C		0.840168	
IK		0.84006846	
NDUFB9		0.8399209	
TNRC6A		0.8396691	
IFT172		0.837683	
SEC14L1		0.8374165	
LMBR1		0.83740586	
RABL6		0.8373879	
SNX13		0.8370924	
SRSF3		0.8362984	
SCPEP1		0.8358304	
LRCH4		0.8358291	
THBS1		0.83534694	
ANP32B		0.8353328	
CD63		0.83506674	
GAK		0.83461237	
PLEC		0.83454263	
CDKN1B		0.8344852	
NIBAN2		0.834446	
YARS1		0.8342776	
NUP153		0.8338802	
MCM4		0.8338625	
PPP1R9B		0.833844	
HSD17B4		0.83289933	
TNRC18		0.832638	
TJP2		0.8323018	
WDR13		0.8319271	
CCDC80		0.8316708	
HIF1A		0.8316059	
NIN		0.8315704	
CREB3L2		0.83057255	
FREM2		0.83016425	
PPP1CB		0.8299717	
ABCA2		0.82977474	
SOGA1		0.8292399	
CNKSR3		0.8292147	
SCYL1		0.8287059	
PABPC1		0.82865596	
CPSF6		0.82829404	
ICE1		0.82791674	
NFAT5		0.8272106	
GON4L		0.82656634	
STAT5A		0.8263436	
SLC4A2		0.82624155	
ASXL2		0.82543707	
PLCG1		0.8254154	
RBCK1		0.82530177	
TASOR2		0.8252095	
TMEM214		0.82503504	
RPTOR		0.82501733	
CEP350		0.82479286	
ERBIN		0.82461244	
GOLM2		0.82448345	
RPLP1		0.82397115	
SH2B1		0.823903	
HNRNPF		0.8237992	
NPHP4		0.82376343	
ZNF460		0.8236337	
YEATS2		0.82333845	
SBNO2		0.82329774	
PERP		0.8231468	
MINDY2		0.82270765	
ARFGEF2		0.8225981	
MUC1		0.82212466	
SLC22A17		0.82196516	
FAM222B		0.82140696	
NSD2		0.8212157	
MAST3		0.82109195	
AJUBA		0.821032	
FLOT1		0.8209103	
HEATR1		0.8207034	
GM2A		0.82039297	
RCAN1		0.82010084	
SMARCD2		0.8200778	
PRKCA		0.820067	
CACUL1		0.82003313	
NES		0.8197978	
CLSTN1		0.81941044	
ATP6AP1		0.8190593	
SQLE		0.81881875	
COL16A1		0.81854075	
PPP1CA		0.81852025	
NCL		0.8180663	
ZNF768		0.8178215	
SYNPO2L		0.81768155	
HLA-C		0.8168981	
ACSF3		0.8162553	
ZNF385D		0.8162157	
CPEB2		0.81615084	
MCL1		0.8160994	
HEBP2		0.81592304	
BCL3		0.8157189	
CELF1		0.81571686	
ZYX		0.81556404	
EEF1D		0.8153898	
PLEKHG3		0.8148817	
SLC30A7		0.81476593	
CHD4		0.81465745	
DOCK5		0.81457263	
TET3		0.8138534	
TECPR2		0.8135544	
POSTN		0.8135013	
FBL		0.81346416	
LTBP4		0.8134541	
RIF1		0.8131641	
COL1A1		0.81271774	
SPPL2B		0.8127139	
PDS5A		0.8126234	
KMT2D		0.81252575	
ATP1B1		0.8121536	
ARID1A		0.8116418	
NBR1		0.8116064	
MICALL1		0.81124455	
COL3A1		0.8109443	
PCF11		0.81080675	
PKD1P4		0.8104458	
AHSA2P		0.81030345	
MIDN		0.80965805	
NCK2		0.80958307	
TNC		0.80917525	
GCN1		0.8091415	
DENND2D		0.8087729	
BRWD3		0.80826676	
CTSH		0.8081461	
RAB11B		0.807993	
PPFIA1		0.8067783	
CTSD		0.80668384	
FOXM1		0.80626416	
RAB11FIP5		0.80606425	
SESN3		0.80566084	
IRF2BPL		0.80560386	
ITSN2		0.80556244	
DIAPH1		0.805089	
WAC		0.8050663	
AFDN		0.8048019	
CRYBG1		0.80464	
SP100		0.804518	
BBS9		0.8044927	
MAST2		0.8043392	
PRKCZ		0.8042959	
RAD21		0.8041815	
USP31		0.8033589	
DGKA		0.80335087	
THNSL2		0.80296916	
ZNF621		0.8025419	
DFFA		0.8022995	
OPTN		0.8020442	
PDCD6		0.8015668	
EPHA1		0.801371	
PCSK7		0.8012386	
IRF3		0.8007167	
TOP1		0.8006518	
MAPKBP1		0.80051947	
KDM5B		0.80030584	
TRIM41		0.79994285	
PPA1		0.7997557	
ACADVL		0.7995389	
PLEKHH3		0.7990758	
TMBIM4		0.79900223	
FOXJ3		0.7989172	
ARL6IP1		0.7986789	
ZBTB4		0.7986762	
PLPP2		0.79854935	
DST		0.79839706	
LTBP3		0.79795	
MNT		0.7979116	
S100A2		0.7977023	
HLA-E		0.7972882	
HEG1		0.79656637	
LMO7		0.7964971	
MAP2K2		0.7960459	
TJP1		0.79588825	
MYO18B		0.7953118	
SPHK1		0.7953008	
ZBED6		0.79519665	
TNS3		0.7950059	
MSN		0.79433995	
MAFB		0.7937672	
ADAM17		0.7936731	
MKI67		0.7931077	
TLN1		0.79302526	
DHX15		0.7927282	
NUP62		0.79225016	
NFKB1		0.7917689	
MTCH1		0.7917428	
TLK1		0.7916732	
PDCD7		0.79155535	
ODF3B		0.791495	
CTC1		0.7910137	
MDC1		0.79017735	
DCAF6		0.7900639	
PLD3		0.7898594	
FOXP4		0.7894606	
ARHGAP23		0.7891263	
MED13		0.7889392	
NDUFB5		0.7888208	
LMF2		0.7886098	
TSPAN14		0.7884403	
ELF4		0.7881013	
DNAJC5		0.7879915	
FARSB		0.7876228	
FAM189B		0.78743255	
STRN		0.7869654	
NAMPT		0.7867624	
RALGAPB		0.78674036	
SETD1B		0.78642684	
SH3BP2		0.78629845	
YAP1		0.78624374	
SCAF1		0.78618425	
SPAG5		0.7860156	
MAP3K11		0.78595823	
RBM28		0.7849691	
BPTF		0.78488874	
AFF1		0.78425014	
PLEKHG5		0.78423184	
PIGG		0.78400534	
MLLT10		0.78394544	
SCRIB		0.7839374	
FBXL19		0.7830673	
MSH2		0.7829844	
ATP6V0B		0.78297645	
CELSR3		0.78248745	
RPS9		0.7823644	
ARHGEF1		0.78205395	
C1orf43		0.7818086	
CELSR2		0.78134185	
ATF5		0.78020585	
TMCO1		0.7801015	
E2F4		0.7797735	
BAIAP2		0.7796889	
USP9X		0.7795402	
IL4R		0.77943766	
RNF44		0.7790911	
DCAF7		0.7789891	
POLE		0.77888274	
PGS1		0.7788301	
KLF13		0.778748	
TAF15		0.77812135	
ATAD2		0.7777285	
CAD		0.77762574	
HIPK3		0.77761096	
TNXB		0.77743316	
COL18A1		0.7769978	
PCMTD2		0.7768746	
TUBGCP6		0.776593	
UBE2D2		0.776429	
PALM2AKAP2		0.77637917	
USP7		0.77570134	
ZC3H13		0.77562726	
COL4A2		0.7751372	
AFF4		0.7746429	
PIP5K1C		0.7744593	
GPATCH2L		0.774385	
FBRSL1		0.77437955	
GOLGA4		0.7740539	
TMEM134		0.77373546	
NRIP1		0.7736242	
EIF4EBP2		0.77355886	
TPCN1		0.77340126	
PER1		0.77305514	
HIVEP3		0.7730085	
FAT4		0.772899	
MAP7D1		0.77196115	
CD9		0.77071387	
TEP1		0.7706413	
SRPK2		0.7706389	
RBBP4		0.7701353	
RBBP6		0.7699907	
DNPEP		0.7699318	
PKD1P3		0.7694786	
EIF3L		0.76939976	
RPS10-NUDT3		0.7690393	
ZNF552		0.7689767	
PHC2		0.76890314	
CUX1		0.76836175	
LARGE1		0.768127	
ANKRD52		0.76810485	
SBF1		0.7681002	
IFI27		0.7678971	
IQGAP1		0.7678108	
JUP		0.7677277	
PRNP		0.76719546	
FRMD6		0.76697403	
CSNK2A2		0.7668521	
WWC2		0.7665301	
LRP10		0.76652294	
CHMP3		0.7664117	
MAPK7		0.7660859	
PSMD7		0.76604843	
PLXNB2		0.7657445	
EPS15		0.7653962	
HLA-B		0.765095	
FILIP1L		0.76475704	
PLD2		0.76463675	
DMXL1		0.764496	
PTGES3		0.7643814	
IKBKB		0.7643517	
IRS2		0.7643207	
TCF25		0.7642613	
SUMF2		0.76413476	
DES		0.76391286	
NLGN2		0.76250505	
MYH3		0.7624871	
WDR82		0.76246107	
HDAC7		0.7622839	
FCGRT		0.76188564	
LAD1		0.7616101	
ITM2B		0.7610585	
IGSF9		0.7609162	
IGFBP4		0.7609058	
SLC3A2		0.7607997	
SRRM1		0.7605594	
AGPAT1		0.76055104	
IARS1		0.7602649	
FDFT1		0.76018375	
EHMT2		0.75990796	
ANK3		0.7596025	
FRRS1		0.7593207	
SPDYE10		0.75913477	
FBXL4		0.7588968	
MED24		0.7587415	
IGF2BP2		0.75855696	
CNOT1		0.7580397	
UST		0.7580064	
MAP3K1		0.75800484	
IGF2		0.7577416	
SLC1A4		0.7575568	
MOV10		0.7574804	
SLC16A10		0.7573759	
CTSL		0.7571746	
CCT7		0.75704247	
IMPA2		0.7570091	
ATXN10		0.75672704	
CDK18		0.75626284	
SUPT20H		0.7556436	
LIMK2		0.75549513	
MICAL1		0.75525856	
MBOAT7		0.75522757	
MAP4K5		0.7550053	
SLC12A7		0.7549381	
UBXN6		0.7542414	
ZMYM2		0.7541141	
KDM6B		0.75402045	
PIK3C2B		0.75392854	
CD109		0.7537853	
PTPRB		0.7536807	
SORBS3		0.75365853	
TMEM43		0.7536189	
PPIB		0.753504	
EHD1		0.7526701	
MAST4		0.75265247	
NFATC1		0.7526209	
KMT2A		0.7520933	
FLCN		0.7520393	
PLEKHA2		0.75170237	
CCZ1B		0.7516108	
HDAC6		0.75071496	
MIB2		0.7501551	
DCAF11		0.75002056	
CHID1		0.75001377	
GSE1		0.75000244	
ZFP36		0.7499273	
LMNA		0.74989474	
MTM1		0.7494906	
TGFB1		0.749194	
MAN1A2		0.7491852	
ANKRD12		0.7491577	
TGFBRAP1		0.74913174	
TRAF3IP1		0.7488797	
TRIM11		0.7486816	
PAXBP1		0.74863285	
MLEC		0.74856234	
DPH2		0.7482934	
PDXK		0.74824816	
RNF4		0.7482167	
RB1CC1		0.7481989	
GAA		0.747205	
AGFG1		0.74702275	
STAG1		0.74654955	
BICD2		0.746538	
TTPAL		0.7465019	
ADAMTSL4		0.746239	
SZRD1		0.74615	
MEF2C		0.7459098	
TAF1C		0.74517137	
FZD1		0.74510354	
SPTBN5		0.74457145	
GPT2		0.7444403	
ABCA12		0.74382025	
MBTPS1		0.7431019	
SH3KBP1		0.7428365	
JAK1		0.74274516	
DIS3		0.7425392	
TBX2		0.74189156	
KRT6C		0.74178106	
INPPL1		0.74175006	
CNBP		0.7412857	
SNX15		0.74071264	
PCNP		0.7403584	
RANBP3		0.7402875	
NR4A1		0.7398242	
ATP10A		0.7397285	
JUND		0.73960084	
DDOST		0.7393868	
ABCA13		0.73936135	
INSR		0.7393369	
HDAC5		0.73912644	
ATP6V1B2		0.7388745	
SEC23A		0.7382743	
CELSR1		0.7382301	
MALL		0.73818165	
AGO2		0.7374703	
BLCAP		0.73735905	
GRB2		0.736959	
IGFBP7		0.7365477	
ARAP1		0.7363388	
TAP1		0.7356148	
PLBD2		0.73386633	
ASPSCR1		0.7336088	
SPTBN2		0.7325961	
COL7A1		0.73244536	
PAPLN		0.7320968	
SLC41A3		0.73193926	
ANTXR2		0.73181605	
SULF1		0.7311697	
PRRC2A		0.73084766	
MEGF6		0.73076206	
SMTN		0.7300509	
EHD4		0.7298847	
REXO1		0.7297968	
COL4A1		0.7297544	
WDR33		0.72972995	
FNDC3B		0.7293962	
ABCC5		0.7293955	
ATG13		0.72912604	
EP400		0.72906405	
MTHFD1		0.72875196	
RTL8C		0.7286643	
CHORDC1		0.7286379	
SPEG		0.728412	
PSMA6		0.72830707	
ATF6B		0.72712547	
RAD23A		0.726988	
OGFR		0.7264144	
TOPBP1		0.72638226	
WDR81		0.7262887	
MFSD14C		0.7261911	
VPS51		0.72564936	
VCL		0.7253644	
TBC1D17		0.72518766	
ITGB2		0.7246483	
CTBP1		0.72454697	
UQCRH		0.7243791	
STING1		0.7241826	
MYO1F		0.7238098	
SERINC2		0.72373825	
RSL1D1		0.7237144	
WIPI1		0.7236748	
GIPC1		0.72357005	
PUF60		0.7232171	
LAMB3		0.7227668	
TNS4		0.7221998	
TNFRSF21		0.7221322	
PATJ		0.7220763	
AP2A2		0.72206783	
NCSTN		0.7219542	
BNIP2		0.72151196	
DNM2		0.72043765	
SUN1		0.72037506	
MAN2B2		0.72027916	
INTS2		0.7194938	
DGCR8		0.7194755	
PTP4A2		0.7193242	
FNBP4		0.7193152	
RYR1		0.7191067	
EGR2		0.7190053	
DSG3		0.7189469	
ADCY7		0.7188538	
C6orf132		0.7188064	
DLG5		0.7184546	
MED1		0.7183548	
USP34		0.71831894	
ANKRD28		0.71772987	
IL16		0.71753716	
KIF1B		0.717418	
LAMP2		0.7171692	
QSOX1		0.7166182	
C1R		0.7164947	
NUMB		0.7164514	
TTYH3		0.7163798	
SQSTM1		0.71609443	
CREB3L1		0.71594286	
KAT2B		0.71592355	
OGG1		0.7154523	
PTK2		0.7154328	
CDC42SE1		0.7154146	
EPB41L5		0.715159	
PLEKHA7		0.71493804	
EZH2		0.71486753	
AGPAT3		0.7148355	
HOMER2		0.7148148	
RPS24		0.71468097	
SLC9A8		0.71463394	
ITPKB		0.7142277	
PPP6R1		0.7142202	
IQSEC2		0.71421635	
PDE4A		0.71375555	
EMP2		0.71304375	
KRI1		0.7130157	
PIK3R1		0.71282995	
NPL		0.7127972	
PPM1A		0.7121785	
DCAF13		0.7117353	
AGO1		0.7116169	
GSTK1		0.71150523	
GNL1		0.71147496	
SIN3A		0.7113459	
ZDHHC8		0.71079814	
RASAL2		0.7104122	
DCUN1D5		0.7097279	
MAP3K12		0.7097152	
ADCY3		0.70940775	
STAT3		0.7093539	
RSBN1L		0.7091149	
KAT2A		0.7091128	
KMT2B		0.7090569	
BCOR		0.70881104	
SMAD5		0.7086763	
DNM1L		0.70862496	
CDH11		0.7086068	
BICRA		0.7084495	
TAP2		0.7084125	
EMP3		0.7083921	
SFXN3		0.70772654	
AHR		0.7077106	
SBNO1		0.7075198	
EIF4G2		0.706392	
SLC38A2		0.70633304	
POLR1D		0.7062705	
HMGN2		0.70614475	
NCKAP1		0.70570844	
PRPF40B		0.70525676	
NIPBL		0.70436096	
DAP3		0.70435	
UTP4		0.7039576	
FKBP8		0.70382816	
CLCN6		0.7038209	
HIPK1		0.7037572	
RGPD5		0.70369387	
FSCN1		0.7033274	
FAM13A		0.7028064	
P3H1		0.7027956	
DCTN2		0.7025809	
AGAP3		0.7025509	
TJAP1		0.7024759	
REPIN1		0.7023059	
PGGHG		0.702218	
GOLGA8A		0.70204866	
OAS3		0.7017579	
ZFYVE26		0.7015658	
NPRL3		0.70140475	
TSHZ2		0.7010024	
CTIF		0.70079786	
DOP1A		0.70047003	
TM9SF3		0.7003244	
CLIC4		0.70012975	
SERPINE2		0.699907	
TRA2A		0.69918174	
GUCD1		0.69909555	
INTS11		0.69902927	
BRD7		0.6989943	
PCIF1		0.69881946	
MYO10		0.69875824	
AGBL5		0.6984989	
CRMP1		0.6983295	
TRIP12		0.6982551	
RGL2		0.6982236	
STPG1		0.69805276	
LAMTOR1		0.6980107	
ADAM9		0.6978968	
ZMIZ2		0.69779664	
HLA-A		0.69778496	
KRT15		0.6973058	
EML6		0.69698167	
PROM2		0.6968943	
CPXM1		0.6966548	
ZC3H12C		0.6963054	
ATXN2		0.6960799	
FOXP1		0.69596106	
CILK1		0.69592726	
HPCAL1		0.69591117	
RPS27A		0.6957486	
UQCRB		0.69571716	
PELP1		0.69556576	
CHSY1		0.69532734	
ALCAM		0.6950771	
RNF220		0.69495094	
AP1B1		0.69492936	
HDAC10		0.6945524	
BABAM1		0.6945226	
TNFAIP2		0.6939231	
ATP1A1		0.6938491	
GGA3		0.6928795	
COBLL1		0.6926745	
TCF12		0.69237566	
UBA5		0.6921987	
DPH1		0.6918482	
ALDH16A1		0.6914101	
TM7SF3		0.6912139	
SLC24A1		0.6910063	
MTAP		0.690777	
PDLIM7		0.69077665	
ARFRP1		0.69077355	
GSTP1		0.69075155	
RPLP2		0.68993497	
LRRC8A		0.68982464	
PTPRG		0.6896402	
UHRF1BP1		0.6895886	
ANKHD1		0.6894932	
MCAM		0.68940574	
EPS8		0.68936867	
ALDH2		0.6893539	
ITGB4		0.6890968	
FPGS		0.68875414	
UBE2D3		0.68855995	
RRP7A		0.68845797	
TASOR		0.688353	
PTPRK		0.6883496	
SGPL1		0.6879885	
PIEZO1		0.6879202	
HMGCS1		0.6877971	
CCN1		0.68713504	
STXBP2		0.68663275	
SENP6		0.68658227	
TBC1D9B		0.68657154	
CS		0.68624383	
DRAM1		0.68619984	
GUF1		0.6847454	
SORCS2		0.68470293	
KRT16		0.6846703	
SDK2		0.6843138	
SOX13		0.6842514	
MFSD12		0.6835709	
RNF169		0.68301356	
KDM3A		0.68237	
TMEM184A		0.6816645	
PSME3		0.6814998	
DSC3		0.68139404	
NKTR		0.68129563	
ZNF316		0.6797599	
POLR3D		0.67975926	
MAP3K20		0.6786174	
ITPR2		0.6786166	
VARS2		0.67852455	
IL6ST		0.67834467	
ATP6V0A1		0.6774611	
GSK3B		0.6772967	
ARL6IP4		0.6771121	
ELF2		0.6767835	
CCDC120		0.6762779	
KRT5		0.67622393	
SLC30A5		0.67582065	
ZC3H7B		0.6756708	
STRBP		0.6754607	
CASK		0.6753799	
CNTRL		0.67464685	
POLR3E		0.6741217	
VIRMA		0.67400736	
ERBB3		0.6739453	
TMEM165		0.6736425	
LARP4B		0.6736181	
KANK2		0.6729859	
CDKN1A		0.6723551	
IGFN1		0.67225343	
TSC2		0.67205614	
EIF2AK2		0.67166805	
PLPP3		0.6716211	
SEC16A		0.67133963	
KCNMA1		0.6710505	
SPATS2L		0.67103183	
POGZ		0.6710049	
EMILIN1		0.6708644	
GTF2IP1		0.6704929	
PPM1F		0.67013353	
VCPIP1		0.6700988	
SRP54		0.6700963	
TBCD		0.66988766	
TRIM38		0.66986644	
RABL2A		0.66983443	
WDR55		0.6696556	
VPS13C		0.66962487	
ABHD17A		0.6695235	
POLR1G		0.6694727	
GAL3ST4		0.66905504	
PTPN13		0.66893816	
PLPPR2		0.66887003	
DGKZ		0.66870767	
FOXRED1		0.6685179	
CNTROB		0.66792226	
RALGDS		0.6675292	
PLEKHG1		0.66752523	
CABIN1		0.6671535	
NEU1		0.66654134	
SMG1P1		0.66603756	
PITPNM1		0.66590405	
PAFAH1B2		0.66544247	
TSC22D1		0.66484505	
TUT7		0.66472095	
NBAS		0.6647027	
MLF2		0.6640975	
NSUN5P1		0.6639279	
TMEM132A		0.66386926	
MICALL2		0.66381085	
LMCD1		0.6637305	
ARFGAP1		0.6622301	
PTCH1		0.6620104	
SPOCD1		0.6619852	
TOM1L2		0.6619804	
EFTUD2		0.6615468	
NOP56		0.6612914	
INF2		0.66127557	
PPFIBP2		0.6607084	
TCF7L1		0.6606499	
SRSF2		0.6602854	
ADGRE2		0.65983826	
AMOTL1		0.6597092	
APBB2		0.6591194	
FBLN1		0.65850943	
KPNA4		0.6584634	
UNK		0.65835303	
PHLDB1		0.6581494	
RAD23B		0.6580769	
OAS2		0.65795463	
ESYT1		0.6574761	
LRRC37A2		0.65738976	
SMC5		0.65717506	
CARMIL1		0.6571362	
CLCN7		0.65713525	
PPP1R18		0.6568722	
ADCY6		0.65683454	
PFKP		0.65678483	
MET		0.6567562	
PCDHGC3		0.65672356	
DGLUCY		0.6563127	
MED22		0.6559472	
SLIT3		0.6558144	
KLF7		0.65566415	
TMC8		0.6556246	
KDM5A		0.6553201	
PRKCSH		0.65530854	
ELAC2		0.6550149	
SRC		0.65469176	
ANXA11		0.6546808	
CLASP2		0.65462387	
KIF3B		0.65461487	
PSMD6		0.6545919	
DCAF1		0.6541531	
GMIP		0.65370387	
NRG1		0.6530081	
GLB1		0.6527752	
TCHH		0.6524983	
PLCH2		0.6521772	
SCYL2		0.65196055	
SEMA6A		0.65186626	
SH3YL1		0.6517788	
UHMK1		0.65164137	
LIMS1		0.6515447	
SLC2A4RG		0.6514609	
CERK		0.65118587	
C4A		0.65108585	
TPBG		0.65095943	
LSP1		0.65061	
UBXN7		0.65025777	
MESD		0.64970297	
NUP58		0.6496081	
PIGO		0.64959294	
LIMK1		0.649544	
ADAM15		0.6495145	
MED28		0.6493192	
ARHGAP27		0.64920366	
TNK2		0.6491625	
FBLN2		0.64884585	
MAN2C1		0.6488398	
CHD8		0.64761144	
GSPT1		0.6472671	
EMC1		0.6471375	
ARHGDIA		0.6470112	
SMG7		0.64679253	
MRPS16		0.6465314	
PDIA3		0.6464564	
MRTFA		0.6462395	
TBRG4		0.6455571	
RTN4		0.6453809	
SNX5		0.6450443	
INPP5E		0.6447909	
EIF3E		0.64446366	
CXCL16		0.6442711	
FCGR2A		0.64403737	
SLC20A1		0.6437832	
GOLPH3		0.64367235	
TFDP1		0.64366657	
EMSY		0.6433832	
HLA-DQB1		0.64289194	
STARD3NL		0.6427582	
MROH1		0.64257336	
LPCAT3		0.64250946	
LEPROT		0.64235365	
KIF1C		0.6422343	
PTPN18		0.6421719	
MGA		0.64198595	
ERC1		0.64188355	
RBBP5		0.6414758	
GAS2L1		0.641471	
PMPCA		0.64080447	
NECAP2		0.64071596	
ENOSF1		0.64046353	
CCDC85C		0.6403733	
SLC2A3		0.640324	
RUNX1		0.6398791	
SYTL1		0.6395166	
SLC7A5		0.63949805	
DVL3		0.63927996	
MYBPC1		0.63907695	
WDR91		0.63904333	
DBN1		0.63876826	
MCM9		0.63825554	
MUC12		0.63816935	
ZNF268		0.6381415	
NFE2L1		0.63790554	
GOLGA3		0.63783085	
DSG2		0.6373839	
STON2		0.6362834	
LY6E		0.63567215	
NOTCH4		0.6355696	
BMPR1A		0.635522	
MSI2		0.6347839	
SYVN1		0.6347719	
FBLIM1		0.634719	
SIPA1L3		0.63459486	
TACC3		0.6343801	
RABGAP1		0.6343586	
SLC39A4		0.63427204	
NCAPD3		0.6341581	
CD59		0.6336456	
CAMK2D		0.63325757	
STK25		0.6331616	
ARL8B		0.632995	
MTMR1		0.63241976	
SPG11		0.6323509	
IVD		0.6315849	
PHLDB2		0.63107675	
USF3		0.63064456	
MUC5AC		0.6304633	
IRAK1		0.63046235	
PDE8A		0.6300976	
COMMD9		0.6298261	
EPB41L2		0.62964255	
CDC42EP1		0.6293041	
VDR		0.6288891	
UBE2G2		0.6288004	
STK11		0.6278143	
ATAD3B		0.6277705	
IBTK		0.62775695	
UBN2		0.6277139	
AMPD2		0.6277021	
LETM1		0.6275881	
NRBP2		0.62723106	
FAM20C		0.6270845	
CYCS		0.62690115	
ERCC3		0.62675065	
JMJD1C		0.6267485	
PDZD2		0.62619674	
ANGEL1		0.6259066	
FXR1		0.62564313	
G3BP1		0.6254234	
AKT1		0.6244261	
DHX38		0.6241032	
LNPEP		0.62408096	
DDR1		0.62377805	
CDH13		0.62374264	
CHMP1A		0.62347984	
GTF3C5		0.6233164	
MCM3		0.6232246	
C4B		0.62320364	
SHFL		0.6230311	
FLII		0.6227066	
CLK3		0.6220997	
ADAMTS4		0.6220029	
OTUB1		0.6219952	
DNAJC13		0.62197274	
DR1		0.62189525	
PPIP5K2		0.62153125	
JAK3		0.6207995	
TYMP		0.62063015	
FKBP10		0.61971927	
FYB1		0.6195352	
ARNT		0.6194428	
ANKRD27		0.61927366	
MYH7B		0.61915284	
AP5Z1		0.6188311	
NEDD4L		0.6184197	
CRTC1		0.61836374	
NUAK1		0.6181274	
ZNF276		0.61807203	
DMPK		0.61776197	
RBPJ		0.6176891	
ARID2		0.61760736	
DYRK1A		0.61745423	
GNL3L		0.6172865	
SPAG9		0.61695826	
PLK3		0.61676073	
LAIR1		0.6166685	
TMCO3		0.6164127	
DPP7		0.616244	
MED13L		0.61618847	
MTOR		0.6153236	
PKDCC		0.6152326	
TNFRSF12A		0.6150417	
OSBPL2		0.61481726	
AVL9		0.61480707	
PUM2		0.6145911	
SOD2		0.61445343	
SF3B2		0.61439514	
BRAT1		0.61393684	
VAV2		0.6136177	
PTBP2		0.61359423	
SLC16A3		0.61345816	
SLC8B1		0.61326754	
TRPM7		0.61324036	
USP8		0.6131194	
LAMA2		0.6129892	
ADGRE5		0.6124577	
NF1		0.61212116	
NOMO3		0.6119432	
CBFA2T2		0.6117384	
CARS2		0.61120623	
MTFR1L		0.61044616	
ITSN1		0.6093702	
TPR		0.60906506	
STK40		0.60902536	
LRRC37A4P		0.60886306	
MAN2B1		0.60824084	
TSPAN31		0.6079179	
EFR3A		0.6071875	
ATP10D		0.60704774	
GRN		0.6070263	
RPL36A		0.60655326	
IL17RE		0.60558873	
HECTD1		0.605138	
ITGB1		0.6049679	
GATD1		0.6049308	
SLCO3A1		0.604099	
DOCK4		0.6038016	
TKFC		0.60372996	
AIFM1		0.6036888	
EML3		0.60346335	
NUDT4		0.60336506	
OTULIN		0.60297877	
MKLN1		0.6028887	
ERAP2		0.6026131	
RECQL4		0.601809	
LEMD2		0.60175735	
PLXNB1		0.6011553	
HMCN2		0.6002782	
SUPV3L1		0.6002304	
SNX33		0.6001346	
MMP13		0.5997323	
USP40		0.59973085	
COX7A2L		0.5994177	
TUBG1		0.5991835	
FGFR1		0.5988231	
DCBLD1		0.59868294	
DEF8		0.59816813	
SNX8		0.5981568	
ASB6		0.59808946	
KALRN		0.5974804	
CTDNEP1		0.5971513	
COL17A1		0.5969738	
SPINT2		0.59695077	
RASA1		0.596909	
CSNK1D		0.5967697	
TPST2		0.5967593	
ZDHHC14		0.59665966	
LRCH1		0.59661293	
MUC16		0.59624594	
EPHA2		0.5956657	
KDM2A		0.5955514	
TMEM131L		0.59550166	
SMG1P3		0.59538615	
H6PD		0.5950287	
FRY		0.594135	
NLRC5		0.59404474	
TECPR1		0.5939709	
ANKRD36		0.5935408	
EMC3		0.59318197	
DENND3		0.5930938	
NPEPL1		0.5926608	
CCNY		0.5923472	
PLCD3		0.5922631	
SMARCAL1		0.5921007	
FAM126A		0.591824	
PTPRC		0.59167594	
STRA6		0.5910819	
MDM2		0.59093505	
SLC38A5		0.5907186	
PHAF1		0.59053373	
DHX30		0.5902362	
PLCXD1		0.5902044	
UGGT1		0.5900988	
BRWD1		0.58980113	
CTNNB1		0.5897992	
TBRG1		0.58953595	
KHDC4		0.58946407	
ITGB8		0.5888141	
RAP1GAP2		0.5885715	
CD81		0.58791083	
RPA1		0.58780926	
C1QTNF6		0.58779484	
LAS1L		0.5877345	
SPON1		0.58740526	
NFASC		0.58734065	
CEP170B		0.58730465	
B4GALT2		0.58711946	
VAPA		0.58665663	
SMC6		0.5866271	
SLC27A1		0.5861443	
SIRPA		0.5859785	
ZMAT3		0.5855146	
SLC25A24		0.5853107	
ETHE1		0.5851734	
XIRP2		0.58475465	
KAT7		0.5846513	
PNP		0.5842988	
C3		0.5842591	
FASN		0.5840101	
HSD17B12		0.5839766	
TMPRSS4		0.583796	
IKBKG		0.5831572	
CYBRD1		0.5820778	
ABCC10		0.5820121	
TFAP2A		0.5819305	
RFX2		0.58186346	
BIN1		0.5814345	
TMEM41A		0.581159	
RNF121		0.5811184	
DESI1		0.58066267	
TFRC		0.5800263	
SLC16A1		0.5793049	
VPS54		0.5789524	
DUOX1		0.5784734	
XPO5		0.578372	
AGRN		0.5783302	
DUOX2		0.5772154	
ITGA3		0.57701916	
CERS4		0.5760571	
SLC43A2		0.5759612	
FERMT3		0.57545346	
RBL2		0.5754157	
CLPTM1L		0.5751137	
TTC22		0.57502496	
ZCCHC8		0.57481277	
TMEM109		0.57458866	
SEPTIN2		0.57456267	
WDR37		0.5744127	
EPPK1		0.5741681	
TRIP6		0.57352084	
EXOC4		0.57317954	
POLR2J3		0.57314086	
ZNF516		0.57299465	
EPHB4		0.57284075	
JCAD		0.57250226	
MSL2		0.57244825	
SFN		0.572331	
TRIR		0.5719902	
PREX1		0.5717706	
CBLB		0.5714178	
JAG2		0.571166	
CHFR		0.5711595	
TRANK1		0.5709091	
UBE2R2		0.5706945	
CDH3		0.57053053	
DENND5A		0.5702303	
ARHGEF17		0.57009006	
PPP1R10		0.5694021	
PLA2R1		0.56931764	
ZFHX4		0.5685216	
D2HGDH		0.568513	
UPK3BL1		0.5683361	
SCAMP4		0.5682369	
POLRMT		0.56806356	
PTMS		0.5680606	
NCOA3		0.5676824	
C1QBP		0.5676017	
MYLK		0.56737876	
RAB21		0.5673068	
KDM5C		0.56715775	
ARNTL2		0.5666283	
UBR5		0.56659925	
USP25		0.5664493	
STAT1		0.56579316	
HLA-F		0.56575406	
RRM2		0.56566155	
EEF1A2		0.56522983	
RAB11FIP1		0.5648893	
DOT1L		0.56385565	
SUGT1		0.5638435	
ARIH1		0.56365705	
RGS3		0.56346023	
BECN1		0.5633435	
SLC8A1		0.5629645	
TINAGL1		0.5626643	
IGF1R		0.5610351	
PSD4		0.5608272	
GRHL2		0.5606196	
ARL1		0.56056386	
RASA4		0.560205	
VDAC2		0.5599712	
GNS		0.55984986	
ATP8B2		0.55983037	
ARHGEF15		0.55963874	
FAAP20		0.559585	
PRSS23		0.5594827	
KIF18B		0.5592734	
DHRS7		0.5592512	
CTBS		0.5585424	
TTC7A		0.5584927	
MAP3K9		0.55816	
ZCRB1		0.55773854	
CCDC88C		0.55759287	
PPM1G		0.5574794	
KRT14		0.55739367	
ALKBH5		0.5570291	
FCHSD1		0.556325	
ZBTB47		0.55614585	
TRIM8		0.55607915	
PAN2		0.5555812	
ARSA		0.5551628	
ANKRD50		0.55508286	
ARRB2		0.5547209	
NUMA1		0.5541626	
TAB3		0.55411124	
RNPEPL1		0.55389273	
CIAO1		0.5538373	
CEP104		0.55350655	
KRBOX5		0.5534467	
TLNRD1		0.5528354	
DOCK8		0.552744	
POU2F1		0.5526572	
PPARD		0.5526022	
HMOX2		0.55243886	
ARHGAP5		0.5523811	
AFMID		0.552213	
MED25		0.5521245	
GGT5		0.55207294	
ANKRD13D		0.55164814	
ROCK2		0.5514987	
ELK4		0.55147606	
PPP1R12C		0.5514224	
ECPAS		0.55139136	
PIK3CB		0.5513673	
LIG1		0.5510867	
RSPH3		0.5510569	
GTPBP1		0.5508954	
SFXN1		0.55067676	
CEP164		0.55065143	
WDTC1		0.5505759	
GRK2		0.5502798	
MTMR11		0.5496201	
HNRNPLL		0.5492757	
MGAT1		0.5492656	
CLEC16A		0.5491755	
TMEM44		0.54899895	
MINK1		0.548448	
DLG3		0.54825157	
RBP1		0.54782355	
KLHDC7B		0.5474218	
KDM5D		0.54669124	
MRPL42		0.54613495	
MR1		0.5460644	
GBP5		0.54503274	
C11orf80		0.54499257	
CSMD2		0.5448228	
BMS1		0.5445191	
AFTPH		0.5444807	
SOWAHC		0.544478	
AOPEP		0.5441642	
NOTCH2		0.543962	
NTF4		0.54389507	
PIK3R2		0.5427663	
HEATR6		0.54272026	
ZFAT		0.5426083	
UNC45A		0.5425599	
PDLIM2		0.54211384	
FHIP2B		0.54210114	
GIT1		0.5420132	
FASTK		0.5417723	
TTC39B		0.54174995	
METTL22		0.5415146	
CBWD5		0.54091567	
PLCB3		0.5405735	
ZBTB10		0.54009926	
CEP120		0.5399851	
USP13		0.5399356	
DDX6		0.539595	
NUP98		0.53898585	
CD55		0.5389742	
TSC22D2		0.5385636	
SERPINF1		0.5378234	
SMAD2		0.5376697	
ZNF785		0.53757125	
TANC2		0.5374986	
SDC4		0.53724587	
POLD1		0.5369788	
FAM214B		0.5369195	
ARL6IP6		0.5367828	
PARP12		0.53648114	
CEP78		0.53593	
HPS4		0.53552717	
FLG		0.5348256	
DIO2		0.53426707	
TP53BP1		0.5342601	
CORO1C		0.5339046	
GAS6		0.5336589	
ITGAX		0.5324919	
SMARCC1		0.53127205	
CLCN5		0.53113836	
SPRED1		0.5306301	
AP3M2		0.5305665	
WIPI2		0.5304368	
POMT1		0.5301895	
TBC1D1		0.5297319	
MOB1B		0.5294869	
ELF3		0.5287545	
GSTZ1		0.5284045	
RNF31		0.5282962	
TNFRSF25		0.5282038	
MPI		0.52809924	
POMT2		0.52783924	
SOS1		0.5276275	
HSF1		0.5275764	
SH3GLB2		0.5275715	
RMDN1		0.52755594	
MAP1S		0.5270363	
MAP4K2		0.52663916	
PPIF		0.5264885	
OLFML2A		0.52634454	
EXPH5		0.5262391	
CORO6		0.5261184	
MACC1		0.5259517	
TEX10		0.52528477	
PACS1		0.5242359	
C4orf3		0.52420527	
AHCY		0.5240085	
GNA13		0.523564	
PLOD3		0.52341956	
NPIPB7		0.52325696	
GALNT6		0.5227393	
SMC4		0.52238315	
LPAR3		0.5220508	
NEB		0.521492	
IMMT		0.5210398	
YTHDF2		0.52098155	
PPP1R13L		0.5208808	
UBA7		0.52048606	
EVPL		0.520125	
PTK7		0.5199403	
PITRM1		0.5193134	
ABI3BP		0.51920027	
CAND1		0.5188814	
SHLD2		0.51887935	
ADD3		0.5186682	
NGLY1		0.51849306	
ATP13A3		0.5169793	
HS6ST1		0.516726	
VPS13A		0.5165809	
NUP155		0.5164177	
CDV3		0.5162289	
USP54		0.5162278	
ZNHIT1		0.51617086	
SASH1		0.51600724	
PHC3		0.51533353	
ANAPC5		0.5151563	
GMPS		0.5149823	
CLN6		0.51495993	
PAK2		0.51444244	
POLD2		0.51387626	
IL32		0.5138251	
RPL26		0.5138041	
METTL8		0.513798	
MYO1C		0.5137435	
FANCA		0.5130782	
MAP3K10		0.513048	
TPCN2		0.51289797	
NAXE		0.51261383	
AP1G1		0.5122024	
APOBEC3C		0.5119463	
G6PD		0.51189816	
CACNA1H		0.5116148	
UTRN		0.5100567	
FMNL1		0.5096817	
HEXIM1		0.5091273	
AP5B1		0.5089608	
SPECC1		0.50797004	
SRP19		0.50787747	
BSDC1		0.5074512	
ATF7IP		0.50744444	
SUSD6		0.50712186	
DGKH		0.50661296	
FAM83H		0.5064609	
SLC35E2B		0.5062286	
SBF2		0.5057649	
AIDA		0.5056815	
SCAMP1		0.5056037	
PLAUR		0.50554156	
CD93		0.50523037	
NNT		0.5052293	
KIAA1143		0.5040383	
RPS6KA3		0.5038355	
PTPN9		0.5037202	
PKD1P6		0.5036452	
NOP2		0.5035858	
YTHDF3		0.50335246	
MAP3K13		0.5029391	
DTX2		0.5027328	
ANKRD36C		0.5025845	
TOB2		0.50249267	
CSNK2A1		0.50238377	
LYN		0.50229686	
STAU1		0.502117	
ELMO1		0.5017114	
ACVR2B		0.5016032	
TBC1D31		0.50145876	
NPIPB4		0.500658	
SAMD8		0.5006171	
LONP1		0.5005427	
PPP4R2		0.49957398	
TOP2A		0.4992569	
CKAP5		0.49879286	
FNTA		0.49834087	
TELO2		0.49809906	
MMP24OS		0.4975796	
ZYG11B		0.49737146	
TONSL		0.49712974	
NTM		0.49698874	
RUBCN		0.49693578	
TMEM230		0.49681708	
EIF3H		0.49676996	
PLXNA2		0.49622014	
UNC13D		0.49606907	
CORO7		0.49591583	
HMGXB3		0.4956987	
KXD1		0.4954215	
RAB5C		0.49521887	
RANBP2		0.49466944	
VASP		0.49454442	
PHF21A		0.4939329	
CC2D1A		0.49371177	
THOC5		0.49355882	
PPP2R5C		0.49309275	
MTG2		0.49303618	
HIP1R		0.4927538	
TRIM2		0.4925789	
C22orf39		0.49161458	
INO80		0.49142778	
RC3H2		0.4914277	
ASH1L		0.4914156	
CERT1		0.49059853	
SPATS2		0.49051705	
TRAPPC11		0.4903051	
PCMTD1		0.48995864	
ARID3A		0.48951182	
FH		0.48948827	
KIF5B		0.4886421	
ZC3H4		0.48821107	
ACOX3		0.48792946	
CDK11A		0.48783386	
GGA1		0.4870898	
AFG3L2		0.48663685	
PARN		0.48658222	
CD151		0.48628235	
KRT16P6		0.48598835	
AP3M1		0.48572874	
DUOXA1		0.48546174	
FAM157A		0.48520312	
DDX55		0.4851986	
MYH14		0.4849456	
MYO6		0.48456195	
TRIM65		0.48448312	
KHNYN		0.48447868	
PACS2		0.48355216	
ZNF598		0.48223057	
SLC22A5		0.4819014	
PLEKHJ1		0.4815626	
DNHD1		0.48153085	
CAPN15		0.48146138	
CD276		0.48141143	
ZNF609		0.4810995	
TCTN3		0.48103634	
ARID5B		0.4808317	
ZNF148		0.47907275	
TRIM25		0.47854903	
ARHGAP4		0.4779617	
HERC1		0.47762674	
APOBEC3F		0.4775753	
DZIP3		0.47742435	
NSD1		0.47738722	
UBAC2		0.47736636	
PCCA		0.47732893	
ST3GAL1		0.47700047	
KLF16		0.47659743	
CAVIN1		0.4763655	
WDFY3		0.47632572	
DEAF1		0.4758735	
ZNF33A		0.4757932	
ZNF267		0.47576004	
DDHD2		0.47565466	
TRAF6		0.4756009	
PPIL2		0.4751967	
ELMO3		0.47513247	
ERBB2		0.47499064	
TRDMT1		0.4749409	
SLC19A1		0.47443515	
HJURP		0.47415668	
KNOP1		0.47415242	
PCNX1		0.47400987	
STAU2		0.4738966	
NOL6		0.4728873	
ELAPOR1		0.47279847	
CFDP1		0.4724212	
RDX		0.4721338	
SYNE2		0.471984	
PDHA1		0.47191593	
TMEM123		0.471488	
FNDC3A		0.4714158	
KCTD1		0.47136933	
FGFR2		0.47100118	
NDST2		0.47089437	
TNRC6B		0.47065136	
MAPKAP1		0.47013938	
BUD23		0.46961844	
MFHAS1		0.4694294	
COX10		0.4688087	
CYB561A3		0.46834087	
ZFP36L2		0.46813896	
DNTTIP2		0.4678815	
MRRF		0.467685	
MLLT1		0.4674849	
SH3TC2		0.46714988	
SRGAP2		0.46605578	
PIAS2		0.4659439	
MME		0.46550164	
ARL10		0.46528196	
RAP2B		0.46515077	
CYP4F11		0.4649652	
POLM		0.4648471	
SP3		0.46470788	
OSBPL11		0.4641064	
ACAP3		0.46405762	
HECTD3		0.4629623	
FNIP1		0.46294007	
AMPD3		0.46292967	
NPEPPS		0.46282315	
NDRG2		0.46281502	
SSC5D		0.46270314	
DNAH17		0.46225792	
HSPA4L		0.46217045	
TSKU		0.46197337	
PARP1		0.46180558	
RBMS1		0.46164408	
LDLR		0.4612805	
RAB3GAP2		0.4605611	
ANKEF1		0.46030962	
ANKRD36B		0.46008325	
NCKAP5L		0.45983297	
SLC4A3		0.45953548	
EPB41L3		0.45937163	
DUSP7		0.45935562	
OSBPL3		0.45929676	
ALG8		0.45916232	
GNAQ		0.45830104	
HELZ		0.45824546	
DIP2C		0.45772785	
TMC6		0.4576926	
PARP10		0.45755935	
DENND5B		0.45704824	
CLIP4		0.45683426	
TMEM106B		0.4565264	
WDR27		0.45636597	
GATAD2A		0.45591238	
PROSER1		0.4558058	
THSD4		0.4552547	
RBPMS		0.4550687	
TKT		0.45486888	
AHCYL2		0.4547817	
ABCA6		0.45466617	
TRAF4		0.4546565	
AARS1		0.45386845	
FBXW2		0.45372522	
NTRK2		0.45326832	
COG1		0.4531569	
PLD1		0.4525703	
PRICKLE3		0.45198917	
CCNDBP1		0.45133287	
PPCS		0.45080242	
CD37		0.45028186	
ANAPC7		0.44990855	
SATB2		0.44968307	
COL22A1		0.44941828	
DNAJB6		0.44821513	
STAG3L3		0.44821477	
TMEM19		0.4481731	
RBM19		0.4478811	
PRKD2		0.44661495	
TMED4		0.44644466	
ATXN7		0.44634768	
ZFYVE9		0.44612384	
PSPC1		0.44590995	
ZNF219		0.4441037	
PEX26		0.4438882	
BRAF		0.4438452	
THOC2		0.44358015	
TMEM33		0.44289443	
STARD5		0.44261828	
AMMECR1L		0.44172367	
FAM3A		0.44047552	
BCAS3		0.43884632	
SUSD4		0.43864802	
SOAT1		0.4385562	
AQR		0.43819296	
YIF1B		0.43816715	
MICAL2		0.43780717	
WARS1		0.43767664	
SYNM		0.43759656	
DPP9		0.43725583	
SFSWAP		0.43683764	
PSMC2		0.43671116	
HNRNPA0		0.43632743	
PDIA5		0.43629882	
RNF123		0.43625137	
STIP1		0.43620548	
CREBRF		0.43553528	
C16orf72		0.435372	
FGD5		0.43435952	
DCPS		0.43430012	
CNP		0.43415725	
LEMD3		0.43375924	
SUN2		0.43349272	
IGF2BP3		0.43338773	
NBN		0.4333415	
EWSR1		0.43294775	
AHDC1		0.43192318	
TLK2		0.4316924	
IL6R		0.4316769	
FBXW10B		0.4313091	
NAA15		0.43082592	
AKR1C1		0.43056822	
HELZ2		0.43040603	
PDE3A		0.42885622	
CPT1B		0.42867064	
CR1		0.42857596	
STIM1		0.42726213	
PAPOLA		0.42704743	
HPS1		0.42673996	
STX4		0.4262855	
STRADA		0.4249713	
FYN		0.4247894	
LMTK3		0.42468876	
NCBP1		0.42358467	
FBXO11		0.4235191	
DBT		0.42259946	
ZNF507		0.42229253	
DOCK9		0.42222136	
FAM20B		0.42204782	
ENTPD1		0.4219716	
ROCK1		0.4215646	
NFE2L2		0.4214378	
CDC5L		0.42119244	
POLR1A		0.4211665	
MUC5B		0.42074537	
EZH1		0.42034602	
FAM91A1		0.42001805	
ATP6V1C1		0.41999072	
KIF14		0.4193669	
GOSR1		0.4189902	
HDGFL2		0.418713	
SFPQ		0.41858086	
COPS5		0.41802093	
TNFRSF1B		0.41750252	
PEX1		0.41723806	
ZKSCAN8		0.41721278	
WDR12		0.41693467	
SLC4A7		0.41689456	
H1-10		0.41647318	
RPS6KA2		0.41638082	
UIMC1		0.41525155	
MCF2L		0.41460657	
DYM		0.41422302	
CBWD2		0.41413713	
LGALS8		0.41406947	
SMCR8		0.41375306	
CEP192		0.41360784	
ZBTB38		0.41315648	
NDE1		0.4131081	
SMARCA4		0.41289347	
MEX3D		0.41275156	
ASAH1		0.4124497	
PHF20		0.41212606	
CDKAL1		0.41199383	
PAPPA		0.41174284	
CCDC127		0.410868	
KMT2E		0.41057307	
CHD9		0.4105663	
CTBP2		0.40980732	
USF2		0.40970156	
DDX1		0.40949333	
TAF5L		0.40941635	
DPY19L1		0.40862173	
NUDT22		0.40803504	
GNA11		0.40794495	
WDR19		0.40725634	
WIPF1		0.40708858	
SPON2		0.40699366	
TBL2		0.40654907	
ZNF687		0.40527007	
SYNE1		0.40463573	
SHANK3		0.40454996	
TAF9		0.4042248	
CEP68		0.40405697	
USP12		0.40298617	
ST3GAL2		0.40289128	
HMGA1		0.4028768	
TUT4		0.40275523	
MX1		0.40252295	
CACNA1C		0.40222973	
PTPRM		0.40195382	
PGM1		0.40188715	
TP53BP2		0.4017799	
NFATC2IP		0.4014795	
MAPKAPK5		0.40144694	
ANKRD11		0.40104386	
NUMBL		0.40100121	
DDX60		0.40049303	
C2orf69		0.3996239	
FAM83F		0.3992948	
PDAP1		0.39916918	
CRIM1		0.39869407	
RNF166		0.3985867	
CSGALNACT1		0.3985306	
DLC1		0.39838833	
ZNF451		0.39814165	
CIAO3		0.3967343	
SUMF1		0.39673045	
NDEL1		0.3965115	
MALT1		0.39642894	
TPGS2		0.39579257	
DGKD		0.39477563	
SVIL		0.39462212	
COL15A1		0.39440402	
POGLUT3		0.393977	
PHKB		0.39389068	
SMARCA5		0.3937842	
QRICH1		0.39363778	
FADS3		0.39248276	
CLTA		0.39241904	
ARHGEF18		0.3913866	
SIN3B		0.39132702	
SCN8A		0.3912347	
EML4		0.38962206	
ADAMTS10		0.38954422	
DENND2A		0.38857734	
CTSC		0.38821647	
DAPK3		0.38813883	
DNAJC7		0.3878494	
MTERF1		0.38674495	
NLRP1		0.38670188	
ECHDC2		0.3866363	
CRTC3		0.38567936	
LMNB2		0.3855732	
TOP3A		0.3853119	
ZNF3		0.38506737	
MAN2A1		0.385005	
CENPB		0.38491607	
PSMD1		0.38464403	
PASK		0.38416654	
ZNF496		0.38411683	
ACAD9		0.38329756	
RAD50		0.38295966	
VGLL3		0.38251403	
POLR1C		0.38245672	
CHKB		0.3823951	
MED14		0.3823636	
ZBTB7B		0.38210982	
UBE2V1		0.38205534	
RNASEH2B		0.38198373	
ANKZF1		0.38187712	
SPTB		0.381675	
TOP2B		0.38164485	
EPHX1		0.38136238	
THAP12		0.3813357	
TTC37		0.38118124	
EI24		0.3807397	
TRAF3		0.38046452	
SLC20A2		0.3803875	
BAG1		0.38034922	
POMP		0.38018575	
SLC9A7		0.37969664	
GRAMD1A		0.3796328	
PRKAR2A		0.37955466	
PTGES		0.37875944	
TACC2		0.37831646	
KANSL1L		0.3777527	
WWP2		0.37673438	
MAPK12		0.37497282	
KLK10		0.37456438	
GNPTG		0.37448934	
NEO1		0.37377235	
ZFC3H1		0.37372026	
GRHPR		0.37358612	
METTL25B		0.37332353	
KHSRP		0.3725335	
ANO6		0.37237996	
ETFA		0.3720512	
ROBO1		0.3715431	
NISCH		0.37143153	
POLR2E		0.37129083	
VPS13D		0.37124088	
MTPN		0.37116015	
LYST		0.37063366	
TBL1X		0.3703475	
MTMR10		0.36973667	
ATP13A4		0.3695116	
MTRR		0.36762983	
IREB2		0.36748785	
UBA2		0.36739913	
KIF23		0.36712047	
AFAP1		0.3669694	
ATF6		0.36668104	
POLR1B		0.36663225	
ABCD3		0.36622164	
DHX57		0.36611977	
USP15		0.36523238	
CYTH2		0.36394492	
SCN9A		0.36371723	
CHST11		0.3636799	
EXTL3		0.3635761	
DISC1		0.36316165	
SGSM2		0.36312684	
MDFI		0.3630891	
FMN1		0.36215064	
GAPVD1		0.36157858	
SH2D3A		0.36116713	
GDE1		0.36090627	
ALS2CL		0.36040777	
BAIAP2L1		0.35982817	
CPD		0.3596714	
RAPGEF3		0.35935727	
ITPK1		0.35912478	
SMARCE1		0.35876417	
CFLAR		0.35818747	
KTN1		0.35812986	
NCOA1		0.35793468	
DIP2A		0.35790503	
PABIR2		0.35743052	
SLC30A9		0.35697323	
RANGAP1		0.35671616	
PRKCH		0.35643092	
TNFSF12		0.35616723	
B3GAT3		0.3550635	
NKD1		0.35469195	
TUBB3		0.35423645	
MYO3B		0.35421142	
LPAR6		0.35420874	
FRMD4B		0.35370514	
DPP8		0.35345048	
DOCK6		0.35295877	
GCLC		0.35259673	
MYCBP2		0.35232204	
C15orf39		0.35170302	
VPS36		0.35069108	
DNAH3		0.35038847	
RARS2		0.3503828	
FEZ2		0.35037112	
CES4A		0.3486902	
TES		0.34868792	
CTNNA1		0.34863612	
LAT		0.3486186	
STARD10		0.3481489	
KRT10		0.34811828	
WASHC4		0.3478071	
SETD2		0.3473539	
MYO5A		0.347315	
SLC11A1		0.34672648	
ACACA		0.3460435	
SLC39A11		0.3453061	
WASF3		0.34520125	
CD82		0.34514716	
TMEM154		0.34479144	
CDK2AP1		0.34394467	
CNNM2		0.34289888	
RECQL5		0.34215862	
PPP1R37		0.34192482	
RAD54L2		0.34156907	
CES2		0.34076065	
TNKS		0.3405927	
P3H3		0.3405277	
SLC38A1		0.33906507	
UNKL		0.33876586	
CYBC1		0.33859205	
CSNK1G2		0.33839908	
PFAS		0.3381216	
TRAF3IP2		0.3374741	
MBP		0.3371435	
IRF2		0.33699906	
ADGRF5		0.33674034	
NYNRIN		0.33643973	
LPIN1		0.33642682	
PRKAG1		0.3352648	
CALM2		0.33524165	
UPF1		0.3350122	
HDAC2		0.3334998	
AAR2		0.33232918	
NAA25		0.33211347	
TGM2		0.3317971	
ATL2		0.33064675	
PDE4D		0.33044848	
PIAS1		0.3299599	
RASA4B		0.32933965	
LSM8		0.32881847	
FGD2		0.32874945	
GRB10		0.32846203	
HOOK3		0.32835466	
RUFY3		0.32808414	
ERAP1		0.32803488	
STT3B		0.3275433	
PREPL		0.32717738	
SERPINB1		0.32696941	
SLC39A8		0.32692012	
COQ8B		0.32670528	
BTBD19		0.32640192	
PPM1D		0.32520455	
CPSF4		0.3251169	
TMEM185B		0.32509443	
IGHMBP2		0.32507262	
SIDT2		0.32494077	
HINT1		0.3247384	
EDEM3		0.32354936	
P2RX4		0.32301053	
LGALS9		0.32278562	
BAHCC1		0.32202986	
NOP53		0.32200685	
NPAT		0.3212143	
NIP7		0.32099146	
TARDBP		0.32096955	
ANGEL2		0.3207402	
PLEKHM3		0.32068294	
BIRC6		0.3206568	
MX2		0.32055634	
IPMK		0.3198349	
HAUS6		0.3197815	
POLR3A		0.31949347	
TMCC1		0.31948355	
NARS2		0.31898776	
KCTD15		0.31804585	
ACTN2		0.31773552	
TNFRSF9		0.31758544	
LLPH		0.31752005	
PLCB2		0.31689948	
LRPPRC		0.31664348	
NUP107		0.31543475	
SUPT6H		0.31522152	
SP110		0.31514835	
MEF2A		0.3146469	
PLEKHG2		0.31442177	
INTS6		0.3139702	
PDE4DIP		0.3137762	
CCDC88B		0.3136425	
ZNF7		0.3129773	
FAM131A		0.3128391	
MAVS		0.31269553	
FAM204A		0.3120289	
CHRD		0.31202194	
STARD9		0.31198722	
ELMO2		0.31187204	
SYTL4		0.31179184	
ESPL1		0.31140947	
SUGP2		0.3110133	
EMC10		0.31089932	
MYO1B		0.31066653	
GNAI1		0.31054115	
ARHGEF3		0.31014657	
WWP1		0.3098155	
EHD2		0.30974308	
NDFIP2		0.30919003	
RNH1		0.3089443	
CCL5		0.30820864	
EXOSC10		0.3081697	
ANKRD17		0.30774903	
XRN1		0.30745512	
COL14A1		0.30606642	
KLHDC4		0.3057058	
BLMH		0.30560935	
DNAAF9		0.30521795	
APBA3		0.30451295	
YAF2		0.3038623	
CPT1A		0.30304036	
ATP6AP2		0.30298784	
RBMS2		0.30296093	
CPLANE1		0.3023352	
SNRPN		0.30194578	
CACNA1E		0.3019035	
RNF217		0.3017108	
SMAD4		0.3006291	
RSRC1		0.30042416	
PLCE1		0.29966787	
CIITA		0.29868478	
SLC33A1		0.29861617	
INTS1		0.2985704	
ZADH2		0.29826438	
MUC4		0.2982366	
MTR		0.29619342	
NUP188		0.29584712	
ATG7		0.2957528	
AP2A1		0.29571864	
SLC38A7		0.2946219	
ARHGEF10L		0.29419178	
HECTD4		0.29394004	
DCBLD2		0.29373083	
ACBD3		0.29316652	
MELTF		0.2922003	
PARK7		0.29148117	
DNMT1		0.2914392	
BOP1		0.29142585	
FBXO38		0.29129297	
SMG1		0.29113397	
ZFP64		0.29092133	
ZNF710		0.29077303	
GTPBP3		0.29068285	
EIF3I		0.28984192	
ADAMTS9		0.28955784	
CSMD1		0.2892702	
NACC1		0.28887463	
CUL3		0.2880268	
ANKS1A		0.28692806	
LRP8		0.28637338	
FAM118A		0.28614408	
ROBO3		0.28612003	
SLC25A16		0.2860423	
OXR1		0.2860083	
C8orf33		0.28557992	
FGD3		0.28536388	
BBS1		0.28508997	
PKN1		0.28496733	
TUBGCP2		0.28466725	
RUBCNL		0.28379196	
ZNF638		0.28352922	
MIDEAS		0.28234857	
WDFY4		0.28228304	
STAMBP		0.28187802	
GIGYF1		0.28173968	
ELN		0.2810715	
TLR6		0.28048488	
ACVR1		0.2797148	
CNDP2		0.27958113	
LRRFIP2		0.27934843	
NIPAL3		0.2792082	
NBPF14		0.27876925	
MMS22L		0.27825415	
EPS15L1		0.27796388	
AXIN1		0.27752563	
TLN2		0.2774066	
PRUNE2		0.27639145	
PECAM1		0.27572608	
RETREG2		0.2755841	
KCNAB2		0.27527547	
PUS7L		0.27508712	
SKIL		0.2746224	
PTTG1IP		0.27449608	
EXOC3		0.27440688	
PLCG2		0.27429268	
DCHS2		0.2742284	
SERPINB6		0.2740811	
FLVCR1		0.2739515	
NUP205		0.2737594	
RNF34		0.27368587	
LAMA1		0.2733277	
TRAPPC12		0.27305105	
CACNA1S		0.2722292	
SLC15A3		0.27217183	
RGPD6		0.27207318	
SH3D21		0.2717012	
CDK10		0.2715428	
ADGRA2		0.26997787	
CDK12		0.26947758	
PUS1		0.26921198	
SNX2		0.26904213	
PBX1		0.26893216	
RUNX1T1		0.26827157	
SRGAP2C		0.26822188	
FYCO1		0.26774037	
SLC35F6		0.26742455	
STAG3		0.26689535	
PANK2		0.26663715	
DYNLL2		0.2660592	
ZPR1		0.26583195	
MGRN1		0.26541337	
ERP44		0.26489294	
TRIM44		0.2648735	
DGKI		0.2647845	
FAM83G		0.26476902	
AP4M1		0.26462853	
MCTP2		0.26408234	
GIGYF2		0.2640209	
FBXO9		0.26339972	
TRRAP		0.26265746	
UVRAG		0.26250082	
SNAP47		0.26246417	
APC		0.26208526	
ZNF106		0.26207656	
CNTNAP3		0.26173925	
KCMF1		0.26168108	
DCTN4		0.26140508	
GTF3C2		0.26104397	
FGD6		0.26034066	
SVEP1		0.25994834	
ADPRHL1		0.25909021	
SRSF4		0.25899792	
WDFY2		0.2586876	
IDE		0.25819087	
NEK9		0.25738242	
UBA3		0.25675797	
WIPF2		0.25635543	
NBEAL1		0.2560788	
DCAKD		0.25574532	
SNU13		0.25438356	
TRPM4		0.2539426	
ANKFY1		0.25311866	
STK10		0.2529182	
AMD1		0.25266132	
MECP2		0.2526425	
ADAM12		0.2525693	
PHYKPL		0.25213155	
FLAD1		0.25182876	
SCUBE2		0.2512723	
DENND4A		0.25106075	
CHP1		0.25090474	
CRACR2A		0.25028428	
TCTN2		0.24943891	
URB2		0.24943583	
REX1BD		0.2493735	
ARHGAP28		0.2491922	
XPO1		0.24850252	
GTF2I		0.24836583	
TUBGCP4		0.24741167	
HNRNPUL2		0.24646461	
WDR73		0.24587253	
BMPR2		0.24571368	
ATP11A		0.24462014	
PIK3CA		0.24332614	
SPTLC1		0.24324325	
MTHFR		0.2424541	
USP46		0.24221301	
LARS2		0.24197826	
LRIG2		0.24174498	
DNAH1		0.24162576	
CLMN		0.24134803	
RPAP1		0.24120346	
MAGI1		0.24090584	
GSDME		0.24000834	
ADSL		0.23900491	
RNF144A		0.23887488	
WDR90		0.23885083	
NEK6		0.23759155	
GPBP1L1		0.23688702	
LANCL1		0.2360319	
HTT		0.23583749	
ATG16L2		0.23559716	
LRRC4		0.2345198	
NUP93		0.23437077	
MFSD8		0.23434955	
CASKIN2		0.23401503	
CEP63		0.2339887	
MSH6		0.23352884	
TBC1D2B		0.23194152	
YIPF4		0.23124424	
ARHGAP15		0.23027621	
ALDH3A2		0.23017468	
TM9SF2		0.23015372	
USP47		0.22979249	
IFITM3		0.22949107	
AGPS		0.22839472	
PLA2G4C		0.228148	
TIAL1		0.22804342	
APOE		0.22676732	
LARS1		0.226437	
FZR1		0.22569679	
TMEM185A		0.22508629	
GOLGA8N		0.22503518	
PCDH9		0.22468355	
DOP1B		0.22455685	
ARRB1		0.22424418	
KLHL21		0.22409917	
UBE3B		0.22321263	
RAPGEF2		0.2230852	
CNOT4		0.22188652	
TCAF2		0.22179173	
TCAF1		0.22057529	
DAXX		0.2204693	
FOXN3		0.21935841	
CDH6		0.21935038	
OGFOD1		0.21923098	
EPB41L4A		0.21920034	
AGBL1		0.2175489	
GNB5		0.21739931	
SLC27A5		0.21665137	
ZNF445		0.2166283	
ASCC3		0.21646187	
FRYL		0.21641284	
PLOD2		0.21628551	
EPB41L1		0.21570842	
ARMC10		0.21562053	
NUBP2		0.2146035	
MGST1		0.21459147	
CPSF2		0.21432522	
TG		0.21372324	
DCTN5		0.21330403	
C2		0.21317603	
ICMT		0.21305373	
ARHGEF28		0.21254846	
UQCRC2		0.21250579	
ST3GAL3		0.2122861	
FEM1C		0.21118148	
CROCC		0.21071188	
PRKAG2		0.21049167	
MPST		0.21029796	
GLYR1		0.2100896	
XPNPEP3		0.21004571	
FLRT2		0.20903672	
GLI2		0.20897001	
TAF6		0.20890109	
HEATR5B		0.208663	
DDX19A		0.20845053	
ADAM19		0.2083667	
CEP57L1		0.20809303	
SLMAP		0.2077922	
RAP1B		0.20618382	
BBS2		0.20577055	
KIAA0319L		0.20556642	
PKP3		0.20543069	
RNF187		0.20511524	
GTF2IRD2		0.20378049	
F3		0.20328389	
EXOC5		0.20292099	
SYNJ2		0.20290758	
C3orf62		0.20265937	
VPS39		0.20231052	
CNOT2		0.20220335	
PACRGL		0.2013798	
PSMG2		0.20101357	
HLA-DPB1		0.20086722	
STRN4		0.2008359	
PGAM5		0.20039013	
ATXN7L1		0.19999665	
ALMS1		0.19980888	
NPHP3		0.19814484	
SIPA1L1		0.19746359	
TOR1AIP1		0.19723105	
LRP11		0.19677278	
SORT1		0.19608957	
PTK2B		0.19605269	
COX18		0.19435109	
ZNF395		0.19429691	
MSRB3		0.19407111	
RSRC2		0.19388036	
KIF13B		0.19283953	
SHOC2		0.19276069	
BCL2L1		0.19242412	
AKR1C2		0.19232255	
ING5		0.19160096	
DDX52		0.19144791	
PTPRD		0.19126847	
CLUH		0.1903677	
APPL2		0.19012141	
ZNF746		0.18952523	
XIAP		0.18931665	
ZBTB11		0.18923713	
NCLN		0.18917994	
SRSF10		0.18879957	
PLIN2		0.1883022	
DNASE1		0.18820943	
PTEN		0.18807471	
MCPH1		0.18772092	
RCN2		0.18719546	
CASP10		0.18698183	
ANKLE2		0.18556164	
PHF3		0.18522525	
COG4		0.18469973	
BOD1L1		0.1844986	
CT45A5		0.1835861	
NARF		0.18310155	
KPNA2		0.18306385	
INPP5D		0.18294676	
RFX1		0.1828767	
SEMA6C		0.18255621	
TET2		0.18247953	
VPS35L		0.18247683	
TIAM1		0.18207175	
CCAR1		0.1814023	
TRAF5		0.1807927	
EFCAB14		0.18034303	
KAT8		0.17994756	
ERV3-1		0.17932068	
EYA3		0.17922531	
ABCC4		0.17895499	
PRPF38B		0.17822167	
ACTG2		0.17723906	
KDM3B		0.17686617	
WASH5P		0.17677638	
NELFA		0.17648956	
UGGT2		0.17646806	
TCTN1		0.17601441	
FUCA2		0.17486437	
TANGO6		0.17483993	
ACSS2		0.17481402	
ERN1		0.17407604	
SDK1		0.17376035	
LATS1		0.1731968	
REPS1		0.17249422	
PLEKHM1P1		0.1724391	
TIMM50		0.17204654	
TTC8		0.17160036	
GINM1		0.17153917	
PARP11		0.1713555	
ARIH2		0.17123976	
TYRO3		0.17046706	
TTC7B		0.16910282	
DMTF1		0.16850965	
IFNGR1		0.16849059	
TMEM184C		0.1683854	
VPS13B		0.16836077	
RUVBL2		0.16819158	
PRKDC		0.1681454	
FGGY		0.16807984	
DHX37		0.166757	
APTX		0.16650233	
ACACB		0.16629982	
GABRB2		0.16628173	
SMPD4BP		0.1660042	
DHRSX		0.16585198	
LMBRD1		0.1655558	
ETNK1		0.16547078	
ADGRF1		0.16437402	
PIK3C3		0.16384438	
UBR2		0.16376847	
NUP214		0.1636362	
EIF5B		0.16274333	
DTX4		0.16272421	
KRAS		0.16252358	
ASPH		0.16198269	
CEP162		0.16135085	
DOCK7		0.1613212	
ATR		0.1607189	
SGTA		0.1603325	
PLEKHA1		0.15978383	
SPAST		0.15970674	
SMG9		0.15900986	
DZIP1		0.15900682	
IQCE		0.15885602	
JPH2		0.15855643	
TBL1XR1		0.15805463	
MPHOSPH8		0.15754235	
TMUB2		0.15745436	
SLC26A2		0.15686698	
CCDC71L		0.15634944	
FANCC		0.15528207	
ELL		0.15499227	
GNL3		0.15431264	
COQ8A		0.15405253	
DCAF16		0.15359993	
NCAPH2		0.15348877	
PDS5B		0.15317717	
ZNF586		0.15303265	
SLC12A8		0.15220478	
SMCHD1		0.1518624	
ARL17B		0.15109168	
PCBP2		0.15103604	
ADAMTS16		0.15098372	
GSDMD		0.15070905	
BRI3BP		0.15040834	
ULK2		0.1492112	
SAFB2		0.14873804	
KLHL24		0.14852622	
APOL1		0.14842154	
CCZ1		0.14826994	
ZNF394		0.14617352	
PPP2R3A		0.14551155	
FLT1		0.14484206	
ARHGAP9		0.14457239	
DNAH14		0.14339948	
COG7		0.1429915	
STAG2		0.1422344	
ZNF846		0.14203887	
TMEM161B		0.1420018	
NR2F1		0.14179973	
ETF1		0.14063533	
CCM2		0.1401243	
GNB4		0.13986948	
KCP		0.13983668	
INPP4A		0.13981527	
GFM1		0.13970813	
BAZ2B		0.13945585	
CMSS1		0.13923487	
SEL1L3		0.13916758	
NEDD9		0.13907535	
SLC11A2		0.13794214	
ARHGEF9		0.13776538	
MIEF1		0.13716172	
TBC1D24		0.13696277	
CEP170		0.1361782	
HECW1		0.13582492	
SCN1B		0.13582104	
UBR4		0.13543199	
UEVLD		0.13405313	
UBE3A		0.1339876	
TBC1D5		0.13346186	
ADARB1		0.13292405	
RILPL1		0.13239013	
STAP2		0.13209824	
SCFD1		0.1320527	
CLN8		0.13177416	
FBXL20		0.13136353	
PRICKLE2		0.13106862	
NADK		0.13099034	
JMY		0.13096532	
CAMK1D		0.12983973	
MRPS21		0.12973344	
FANCE		0.12907214	
NDUFA5		0.12838161	
ANKRD6		0.12820573	
POLG		0.12807369	
ZBTB44		0.12706032	
KIF6		0.12659311	
LRRK1		0.12631845	
DPH7		0.12573239	
RRP7BP		0.12568025	
MYH11		0.12529656	
DKC1		0.1240667	
FBXO44		0.1238597	
PPM1B		0.12378919	
PRDM11		0.123660155	
PXYLP1		0.12333076	
NUP210		0.12271261	
EVA1C		0.12231815	
NRXN2		0.12228909	
POLA1		0.121186286	
TNS1		0.12042285	
UPP1		0.12031856	
CCDC66		0.1200987	
NDUFA3		0.1195783	
STRIP1		0.119285986	
HIF1AN		0.1192227	
KDM6A		0.117746025	
HES2		0.116314754	
KNDC1		0.11573623	
ZZZ3		0.11534904	
REV3L		0.11495824	
LRRC57		0.11424014	
CAPN10		0.11401274	
PKHD1L1		0.113883615	
GLIS3		0.113764085	
TRIM13		0.11192626	
USP32P2		0.11151622	
TAOK1		0.11112855	
C1RL		0.11070066	
TIMELESS		0.10959346	
HYDIN		0.10942801	
MS4A7		0.10939355	
FANCD2		0.10898882	
DMWD		0.10839333	
SIPA1		0.10760108	
MTCL1		0.106907606	
SFT2D2		0.106867425	
UTP25		0.106619745	
ZNF587B		0.10576938	
PAK4		0.10480193	
MEAF6		0.104661286	
GNG4		0.104480356	
USP48		0.10353146	
LIMD1		0.10192134	
WDR62		0.101124756	
PROSER3		0.10069099	
ZNF250		0.100213386	
SOX12		0.1000707	
DPF2		0.09941281	
FECH		0.09913463	
PRIM2		0.09907449	
POLD4		0.09888572	
COTL1		0.097050264	
GOLGA2		0.09643188	
NFX1		0.096184455	
AASS		0.09614399	
METAP2		0.09606381	
ANAPC16		0.095801905	
DDX23		0.09577268	
ERO1A		0.093750015	
NAIP		0.09363974	
NPC1		0.093239345	
USP32		0.09143621	
CUL9		0.09095095	
SUB1		0.09089433	
WDR6		0.090407036	
MKNK2		0.0900335	
GGCX		0.09003312	
IL10RB		0.08976344	
USP4		0.08893928	
USP37		0.088606015	
FARP1		0.08857782	
TFEB		0.088210605	
ZNF318		0.08785007	
FMNL2		0.08752701	
MKRN1		0.08749503	
NUP88		0.08654139	
P2RY6		0.085641034	
CORO1A		0.08451734	
SSBP2		0.084367335	
ALS2		0.08312608	
FKBP5		0.08291917	
USP38		0.082514	
SYMPK		0.08219347	
TEAD1		0.08181506	
MAN1C1		0.08177404	
L3MBTL1		0.08149398	
PRELP		0.0812894	
FAM98A		0.080206476	
DTWD1		0.07998399	
TBC1D20		0.07879839	
DCAF10		0.07876733	
ABCA7		0.07849303	
MARK4		0.078193985	
APLP2		0.078165025	
CDK5RAP2		0.07789536	
TSPAN3		0.077671655	
ARSD		0.07716414	
ORAI2		0.077160776	
ABCA5		0.076876655	
NOL10		0.07596558	
BTBD9		0.075853266	
C11orf58		0.0750526	
PRR11		0.07471006	
B3GNT5		0.07453389	
PPARGC1B		0.07368737	
TBC1D15		0.07361973	
C2CD2L		0.0721677	
KAT6B		0.07102151	
HSD17B10		0.07059221	
ZNF160		0.07058716	
DYNC2H1		0.070282586	
MTREX		0.07006727	
LRP5		0.06975893	
CHD1		0.06957675	
GMEB1		0.06903235	
GTF2H3		0.06901872	
PARP8		0.069010444	
MUC6		0.06900668	
PLEKHA5		0.06888395	
CACNA1A		0.06871304	
RBMS3		0.06803378	
IPO5		0.06725677	
PLCB4		0.06690993	
DDX58		0.066066556	
MACROH2A2		0.06555098	
MARVELD2		0.06544494	
MCCC2		0.06497835	
ITGAL		0.064508796	
METTL2A		0.064284995	
MAP1LC3B		0.06406088	
FARP2		0.06397289	
TSC1		0.06395261	
SZT2		0.063040905	
ZNF141		0.062410392	
CRYBG2		0.06078081	
FBXW7		0.060761414	
SCARB1		0.06064093	
RRP12		0.06058998	
SCN2A		0.060204387	
CLTB		0.05945387	
ZNF738		0.058375373	
WWOX		0.05793004	
TSHZ3		0.05729094	
ZNF331		0.055737745	
POU2F2		0.054933876	
AATK		0.054666147	
FADS2		0.054554638	
ZNF121		0.054447506	
RAF1		0.054351356	
R3HDM1		0.053782213	
ACBD5		0.05332881	
ST6GAL1		0.052655887	
GTSE1		0.05234604	
CAPRIN2		0.052288745	
NECAP1		0.051770452	
ATP13A1		0.05058085	
PPP1CC		0.050150048	
HERC2P9		0.05001167	
NUDT9		0.049198046	
NCOA7		0.0487931	
TANGO2		0.04863262	
EIF4E		0.04833685	
PCID2		0.048126858	
TMEM65		0.047914222	
ABCF1		0.047615547	
MTHFD2		0.046883058	
PPP2R2C		0.046353288	
POMZP3		0.046099156	
LRRC1		0.045386408	
SEC11A		0.04522038	
EHMT1		0.044994585	
DNAJC21		0.044605527	
MRTFB		0.044494078	
REPS2		0.044224717	
NAA60		0.043817792	
RNF152		0.043468744	
EPB41		0.04327745	
DDHD1		0.042039834	
TEX2		0.041329745	
PHIP		0.04131961	
RRAGC		0.040554803	
NSUN3		0.039726328	
SCNN1A		0.039201457	
RTL10		0.038253654	
PABIR3		0.037702672	
ZNF619		0.037566643	
RBM23		0.037357945	
TP53		0.037136506	
ATP5PD		0.036697336	
SHROOM4		0.035939585	
PPIE		0.035750296	
SLC35F5		0.03573635	
MCM8		0.035544015	
CLDN4		0.03537701	
SLC35B1		0.033978105	
ARHGAP26		0.033531286	
ITGA7		0.03310876	
KDSR		0.03306535	
IAH1		0.03294733	
N4BP2L2		0.032698214	
GSK3A		0.032663077	
PPP1R16B		0.032607593	
ITPR1		0.032484423	
FAS		0.032445896	
HADHA		0.03206565	
ADGRL2		0.031444233	
ADAMTS7		0.03127141	
NCAPH		0.031144818	
DNAJB14		0.031007107	
RNF216		0.030990195	
PKN2		0.03048902	
DIAPH3		0.029902218	
AKAP9		0.029619062	
PPARA		0.029495155	
TRIM16		0.029344365	
LIPG		0.028990706	
KCNJ15		0.028360086	
TBCE		0.0276682	
SLC35E1		0.027597897	
AEBP2		0.027145008	
SYNGAP1		0.027006047	
HMGA2		0.026404068	
KDM4B		0.026017427	
HUNK		0.02597132	
KIDINS220		0.025052162	
HACE1		0.024956001	
PPARG		0.024596853	
TRIM4		0.024408527	
FAM219B		0.02434971	
F5		0.024211545	
ADA2		0.024017738	
CA5B		0.023957448	
SNTB2		0.0239331	
TRIM56		0.023892434	
BCR		0.023788214	
ENPP1		0.023581423	
NAE1		0.023387136	
XAF1		0.023198472	
DNAH5		0.02308851	
AIG1		0.022898916	
FOXP2		0.0224383	
MEAK7		0.021789651	
NTRK3		0.020759081	
NCKAP1L		0.020224305	
MRPS5		0.019311013	
VPS26C		0.019295918	
IPO7		0.018903352	
ELOF1		0.01889102	
ZNF639		0.018390786	
ZFHX3		0.017990507	
CYRIB		0.017756792	
PTCD2		0.017457766	
MYSM1		0.01714325	
SYNJ1		0.017021917	
RRN3P1		0.016180938	
ERO1B		0.015388423	
SERTAD2		0.015361562	
DOCK10		0.014816191	
ST3GAL4		0.01467433	
SACS		0.014492069	
FLYWCH1		0.012026541	
PRKAB1		0.01113247	
KLF8		0.010144024	
UPF2		0.010059789	
HMCN1		0.009350962	
ULK4		0.008988503	
MYO5B		0.008745417	
ZNF827		0.007875926	
NADSYN1		0.0072856573	
KIF21A		0.0068143476	
HERC4		0.0063214717	
TRPS1		0.0059616566	
ZNF765		0.0057924176	
ADGRD1		0.0057357433	
ZNF100		0.005488245	
MITF		0.005293636	
KDM1B		0.003624986	
SGK3		0.0032864616	
AKAP8L		0.0024566317	
C1orf112		0.0020083648	
VRK3		0.0013946745	
DAAM1		-4.0313104E-4	
ANKMY1		-0.0018495166	
FBXL18		-0.0020250243	
SLC4A1AP		-0.0029350403	
ARHGEF12		-0.0029474953	
CSAD		-0.003926543	
CAPN3		-0.0044073085	
GTPBP10		-0.0057776226	
ZNF699		-0.0059017013	
ETFB		-0.005929139	
DUXAP10		-0.0067173596	
SAMD4A		-0.006870254	
MAP2K7		-0.007091861	
PTPRZ1		-0.007702097	
HS2ST1		-0.0077283843	
SUPT5H		-0.008028705	
CORO2A		-0.008068011	
UACA		-0.008903935	
ATP6V0D1		-0.009980844	
SPEF2		-0.010538549	
MTMR12		-0.010712028	
INTS4		-0.0113182375	
GPATCH8		-0.0114594195	
XYLT2		-0.011737737	
EIF2D		-0.0118334135	
RNASEL		-0.012350026	
MBOAT1		-0.0129298195	
SETD6		-0.012968245	
POLR3B		-0.012971909	
MBD3		-0.013234403	
CTCF		-0.0136394845	
CCDC50		-0.013665032	
SLC2A5		-0.01381553	
CAPN12		-0.013822902	
UBXN2A		-0.014708812	
COMMD4		-0.014718406	
MSH3		-0.01483191	
MYO19		-0.016499221	
WDR41		-0.016521141	
SLC37A3		-0.016911475	
L3MBTL2		-0.017460514	
GABPB2		-0.01780373	
CYB5B		-0.017903328	
FBXO42		-0.017988011	
TAF11		-0.018595986	
RAI14		-0.019228067	
STRIP2		-0.019561395	
SPPL2A		-0.019640528	
SHPRH		-0.020902436	
ZEB2		-0.021021834	
GNPTAB		-0.021207938	
MRPS22		-0.022352045	
SRD5A1		-0.023177816	
AP5S1		-0.024323594	
GABRP		-0.024454381	
PLEKHH1		-0.025707122	
CFAP92		-0.026379682	
CNTNAP3B		-0.028226294	
KIFC3		-0.028307734	
TTC39C		-0.028537754	
B3GALNT2		-0.028624916	
CFH		-0.029552601	
TRMU		-0.029742695	
CFAP97		-0.03004979	
RAB43		-0.03132019	
METTL2B		-0.031566728	
FEM1A		-0.032388054	
ATP9A		-0.033004265	
TEN1-CDK3		-0.033582795	
P3H4		-0.03405913	
PTPN14		-0.03507969	
CYP20A1		-0.03528825	
DDT		-0.0355052	
EIF2AK4		-0.036132712	
ITK		-0.036426187	
CNPY2		-0.03858391	
FUT2		-0.038758103	
MTHFD1L		-0.039408963	
IPPK		-0.040201258	
UQCC1		-0.042046133	
PMM2		-0.042703256	
NR2C2		-0.04295957	
ZEB1		-0.047847405	
PCNX2		-0.04786495	
ZNF532		-0.04847658	
ZFYVE16		-0.048546385	
PCYOX1		-0.049319107	
MUC3A		-0.050101876	
CPM		-0.05092204	
PIEZO2		-0.051867474	
PCDH15		-0.051921476	
P4HA2		-0.05261087	
POC1B		-0.05322178	
FAM126B		-0.05391014	
ACOT11		-0.054345053	
ANGPT2		-0.054696977	
SLC10A7		-0.054803997	
URGCP		-0.055672336	
KMT2C		-0.057865005	
TBK1		-0.05798401	
LDLRAD4		-0.05803012	
IRF1		-0.05830982	
LRSAM1		-0.058539543	
DNAH7		-0.059611574	
DPYSL2		-0.059888836	
DENND1A		-0.060603026	
CTR9		-0.06077819	
CLIP2		-0.06146583	
DNAJA3		-0.06200043	
PTPN21		-0.062342867	
SYNRG		-0.06242221	
P3H2		-0.062529154	
CYBB		-0.06295145	
SYAP1		-0.06307418	
ASCC1		-0.06316959	
CLCC1		-0.06332351	
MPP4		-0.06353996	
IRGQ		-0.063601166	
FOCAD		-0.06365179	
INPP4B		-0.06365895	
JRK		-0.064308666	
POLR3C		-0.06608209	
FGD4		-0.066084206	
PPP4R3B		-0.06612222	
SPATA13		-0.06619808	
IFIT1		-0.06681353	
SCD5		-0.068498105	
FAM83A		-0.068600215	
ZNF518A		-0.069023855	
GATAD1		-0.070823	
STXBP4		-0.071769826	
ZBTB20		-0.072634585	
ZNF587		-0.07280773	
SFXN5		-0.07410306	
TMEM67		-0.07415872	
ALDH7A1		-0.07450957	
PCM1		-0.075226285	
EML2		-0.07541485	
PAXIP1		-0.07600987	
ACAD10		-0.07657491	
PPIP5K1		-0.07671439	
SEMA6B		-0.077335924	
ST8SIA1		-0.077964164	
MIB1		-0.07955231	
SURF6		-0.08056103	
CCDC180		-0.08088469	
QTRT1		-0.08148393	
JADE2		-0.08159442	
S100PBP		-0.08217397	
TFDP2		-0.0842028	
MGAT5		-0.084397174	
HEATR3		-0.084777415	
TUBGCP5		-0.08758136	
SELENOW		-0.087826476	
RUFY2		-0.089432426	
MREG		-0.0900686	
ABCC9		-0.09067444	
CARD8		-0.09189814	
UGP2		-0.09397035	
LAMC3		-0.09403127	
PKD1P5		-0.094091356	
NABP1		-0.094260626	
PPP2R2B		-0.09450018	
ZNF354B		-0.09597025	
GK5		-0.09639868	
SYTL2		-0.09646235	
CAPZA2		-0.09780087	
SMC3		-0.099220194	
MRPS27		-0.09992368	
GPR155		-0.10080507	
ABL2		-0.10105407	
LCOR		-0.1016631	
RFC1		-0.101756394	
MED12L		-0.10245541	
MRPS33		-0.10340464	
ZNF292		-0.10477396	
ELP1		-0.10631015	
SLC6A15		-0.10638593	
MIGA1		-0.10700433	
FAM214A		-0.1072143	
NUP43		-0.1076766	
ST3GAL5		-0.10791009	
LILRB1		-0.10863248	
NCAPG2		-0.10988088	
PAWR		-0.110592455	
WDR74		-0.11172243	
SUZ12		-0.111889936	
FNBP1		-0.11202821	
CEACAM1		-0.112575546	
LINC01145		-0.11470574	
LAMP1		-0.11501617	
DAAM2		-0.11503807	
BTBD11		-0.116010725	
CD163		-0.11651251	
SCAF11		-0.11699299	
KMT5B		-0.11759716	
STARD13		-0.11827584	
SLC35D2		-0.118389115	
CSMD3		-0.11851324	
NOS1		-0.11858758	
SPACA6		-0.119559415	
ATAD2B		-0.11969393	
RIPK1		-0.12002116	
IRF9		-0.120090544	
STAG3L2		-0.12072444	
CACNA1D		-0.12152633	
VPS8		-0.12217119	
GSS		-0.12218864	
NAPG		-0.12413346	
RTF1		-0.12497225	
MEMO1		-0.1255186	
CHD2		-0.12729616	
TOGARAM1		-0.1275844	
TPD52		-0.13084973	
CEP43		-0.13097328	
HARS1		-0.13190334	
CCDC91		-0.13216724	
LRP1B		-0.13229206	
PSMA2		-0.1324956	
OTUD4		-0.13305691	
BTBD2		-0.13376202	
DAB2IP		-0.13440156	
CECR2		-0.13534507	
SIK3		-0.13574752	
ZNF736		-0.13577798	
SAR1B		-0.13660501	
CERS5		-0.13671964	
EIF4E2		-0.13709934	
VPS11		-0.13753818	
NPIPB5		-0.13916054	
RUFY1		-0.13944015	
PSEN1		-0.13964044	
PSMG4		-0.14010593	
PRKRA		-0.14010729	
IGSF5		-0.14073376	
ANK2		-0.14137118	
FUT11		-0.141473	
ALG9		-0.14240731	
NUTM2B		-0.14353059	
KNTC1		-0.1436067	
SENP5		-0.14372194	
RPAIN		-0.14405313	
SNX27		-0.14428598	
CROCCP3		-0.1445104	
UPF3A		-0.14492458	
ARPIN		-0.14566135	
SEM1		-0.14598009	
GCNT2		-0.14692876	
FGF13		-0.14776053	
MRE11		-0.1479615	
IFNAR1		-0.14945029	
RPS6KB1		-0.15021782	
CARD10		-0.15110049	
ATG10		-0.1513178	
CNOT9		-0.15172954	
WASH6P		-0.151753	
ADCY2		-0.15260996	
IPO8		-0.15309879	
KLHL7		-0.15396573	
ZNF561		-0.15441294	
CYFIP2		-0.1544962	
AKT3		-0.15562393	
ANKRD13A		-0.15642625	
DIABLO		-0.15670963	
BDH1		-0.1567666	
GSTO2		-0.15687063	
ZNF397		-0.15828778	
MLYCD		-0.15849191	
SDCCAG8		-0.15870623	
TAF13		-0.15906712	
MGST3		-0.15963063	
COPS7B		-0.16057733	
CMC2		-0.16061461	
MAGT1		-0.16163604	
NOTCH2NLA		-0.16306053	
KIF13A		-0.16357921	
ALG1		-0.16379282	
AMY2B		-0.16381337	
SLCO1A2		-0.16421907	
FRAS1		-0.16492474	
LTO1		-0.16562094	
HPS5		-0.1662464	
ATXN3		-0.16640785	
AP5M1		-0.16642366	
CDC73		-0.16735646	
ROBO2		-0.16752167	
CCDC9		-0.16855787	
ZBTB25		-0.17004319	
RYR3		-0.17124441	
GTF2H2		-0.17151155	
CUL2		-0.17313266	
PLXNA4		-0.173311	
SAMHD1		-0.17459363	
ABO		-0.17476496	
NCBP3		-0.17489466	
BUB1		-0.17517747	
CLPB		-0.17748508	
FAM111B		-0.1779026	
TVP23C		-0.17800179	
CDH2		-0.17826444	
CYP3A5		-0.17973728	
ZNF814		-0.18012172	
CSTPP1		-0.1839651	
EIF2AK3		-0.18417889	
PLA2G6		-0.1843469	
E2F5		-0.18439549	
OR56A1		-0.18511045	
FCHO1		-0.18655519	
MGAT4C		-0.18675837	
FANCI		-0.18773982	
ZNF791		-0.18785088	
NBPF8		-0.18804368	
HADH		-0.1882156	
MYH10		-0.18858257	
BRCA2		-0.18970817	
MSR1		-0.19035086	
C8orf34		-0.19084293	
FAM162A		-0.19129044	
TRIM72		-0.19424224	
RSKR		-0.19430779	
SHANK1		-0.19487569	
IDH3A		-0.19548087	
TMEM182		-0.19577429	
PHACTR4		-0.19654113	
OR56A4		-0.1973203	
PIP4K2A		-0.19776073	
DEPDC5		-0.198067	
FZD3		-0.1984337	
KRIT1		-0.19857404	
ITIH5		-0.19984742	
CDKL5		-0.1998934	
DNAH9		-0.20011853	
STX6		-0.20046854	
GTF3C3		-0.20058957	
DIPK2B		-0.20062493	
SMIM14		-0.2014872	
ZNF562		-0.20364946	
APOBEC3G		-0.20403491	
SHROOM3		-0.20492364	
SFMBT2		-0.20515884	
CRLF3		-0.20517118	
ATP23		-0.20553912	
POMK		-0.20642228	
NLRP2		-0.20674938	
ZMYM6		-0.20683096	
ZBTB24		-0.20758374	
RYR2		-0.2076574	
CATSPER2		-0.20823199	
GOLGA8B		-0.2085335	
WDR75		-0.20938861	
DBR1		-0.20971762	
RABGAP1L		-0.20981131	
ANKRD36BP2		-0.21237348	
NAA35		-0.21278507	
TSHR		-0.21305974	
PITPNM3		-0.21321292	
NDUFA10		-0.21372928	
KIF20B		-0.21449494	
PNPT1		-0.21514829	
USP9Y		-0.21773069	
TBCK		-0.2178974	
ECD		-0.21803705	
POLQ		-0.218534	
H2BU1		-0.22079217	
ZNF875		-0.22105956	
UBR1		-0.22204068	
DACT3		-0.22303551	
TMEM64		-0.22404422	
BMP8A		-0.22448409	
CLN3		-0.22524525	
MRPL3		-0.22560747	
SPG21		-0.22561762	
SIRT5		-0.22624388	
ATM		-0.22657856	
BTBD1		-0.22859699	
C16orf87		-0.22866417	
USB1		-0.2303668	
LINS1		-0.23045808	
IFT122		-0.23097931	
TMEM138		-0.23103997	
TMEM176A		-0.23159754	
GALNT5		-0.23195696	
MOK		-0.23201035	
TRIM5		-0.23220725	
CLEC2D		-0.23308083	
TSEN15		-0.23317541	
ZNF429		-0.23440188	
HDAC8		-0.23585624	
ANKRD42		-0.23645465	
NIBAN1		-0.23676793	
PMS2P1		-0.23743044	
TYW5		-0.23803322	
PHAX		-0.23808795	
TESPA1		-0.24158762	
KIAA0825		-0.24274074	
KLF3		-0.24300243	
PWWP3A		-0.24368483	
MPV17		-0.24506356	
SPN		-0.24538562	
VPS4A		-0.24558389	
VEGFC		-0.2457176	
FBXO25		-0.24629991	
CHRNB1		-0.24633758	
TTL		-0.24659838	
KIAA1109		-0.24747172	
OR7C1		-0.247604	
FLI1		-0.24857992	
DNAJC10		-0.24880366	
DAGLB		-0.24890397	
SLC35A3		-0.24911484	
NALCN		-0.24931832	
HAUS3		-0.2525782	
SCLY		-0.25280344	
SNIP1		-0.2549381	
DIMT1		-0.2560524	
CTSV		-0.2565184	
PLEKHB2		-0.25788134	
COL4A3		-0.2582906	
RPL7L1		-0.25839362	
POLH		-0.25848696	
GSTM2		-0.26002696	
RALGAPA1		-0.2610333	
SFI1		-0.26130491	
ARMC9		-0.2624503	
SORD		-0.26334673	
NLRP12		-0.2635187	
PROS1		-0.2638753	
ERLEC1		-0.26469705	
OR2A5		-0.26532874	
EPM2A		-0.26725143	
CYB5R4		-0.26727167	
ERCC6		-0.2676496	
NBEA		-0.26775903	
PTPRJ		-0.2681797	
PKD1L2		-0.26925582	
IL31RA		-0.2706086	
DYNC2LI1		-0.2708812	
HEATR5A		-0.27236998	
KCNC4		-0.27287748	
ERMP1		-0.27638543	
OTUD7A		-0.27679163	
LEPROTL1		-0.27719855	
NIBAN3		-0.27734748	
N6AMT1		-0.27774495	
NAALADL2		-0.2786852	
AGK		-0.27961394	
TMOD3		-0.27974063	
CNOT10		-0.27998164	
SIGLEC10		-0.28025636	
TRIM69		-0.2812838	
FAN1		-0.28166437	
MOSPD2		-0.282439	
SPG7		-0.2830374	
SRRM4		-0.28340715	
TOR1AIP2		-0.2853146	
NBPF10		-0.2866617	
MTO1		-0.28756788	
CFAP251		-0.28794754	
ZBED5		-0.28797898	
ZNF514		-0.28805602	
VPS45		-0.2897065	
PGM3		-0.29002306	
MRPL30		-0.2902589	
MUC20		-0.29028425	
ARSL		-0.29047558	
VRK1		-0.29050565	
ZNRF1		-0.29152906	
SLC29A4		-0.29234236	
PTPN3		-0.29274446	
RNF115		-0.2928192	
SIRT2		-0.2934117	
UGT1A1		-0.2936368	
FER		-0.29405126	
BRD8		-0.2942605	
TAPT1		-0.29514438	
CLSPN		-0.29550794	
CPB2		-0.29636386	
L2HGDH		-0.2963933	
FAR2		-0.29689047	
PAFAH1B1		-0.2976016	
CDK13		-0.29892626	
LYRM2		-0.3012926	
CEP290		-0.30272558	
TMEM209		-0.30273885	
CRPPA		-0.30310628	
PHF6		-0.30390933	
RBM4		-0.30462703	
SLC22A20P		-0.30508032	
PAICS		-0.30536568	
CHST2		-0.30595395	
CD6		-0.30621552	
KATNAL2		-0.30659273	
MTHFD2L		-0.30746734	
MZB1		-0.30807456	
ZNF26		-0.31022537	
SNAPC4		-0.31030154	
ABCG8		-0.3111764	
MKRN2		-0.31165463	
FOXRED2		-0.3126272	
DHX8		-0.3126457	
GCC2		-0.31357056	
MED17		-0.31391007	
PLCB1		-0.31392142	
HINFP		-0.31403577	
ZNF107		-0.3144496	
STK4		-0.31467807	
TAF8		-0.31504488	
SLC25A42		-0.31522277	
LRRC37B		-0.31729266	
TAF2		-0.32040796	
CSPP1		-0.32059965	
PCSK6		-0.3224803	
SPAG7		-0.3227194	
YIPF6		-0.32332113	
ZNF200		-0.32342246	
SLC17A7		-0.32398084	
PRCP		-0.32456875	
B4GALT4		-0.3251998	
CFAP69		-0.3254546	
HECW2		-0.32790375	
ERCC6L2		-0.32856807	
NME6		-0.32914314	
LRRFIP1		-0.33346233	
KRBA2		-0.33406553	
TFIP11		-0.33413404	
SUDS3		-0.33560756	
STK3		-0.34098405	
OSTM1		-0.3410394	
NDUFA12		-0.3423632	
MIA2		-0.34245628	
ABAT		-0.3425507	
ADA		-0.34523553	
RPS6KA5		-0.3467725	
KRT8		-0.347552	
OR2V2		-0.34794074	
ATP5F1C		-0.34872434	
PMS2		-0.3511333	
USP53		-0.3521732	
DNAH2		-0.35244328	
PLLP		-0.35265276	
HIBCH		-0.35350323	
CTSO		-0.35441256	
MARK3		-0.35523516	
RPAP2		-0.3552465	
CC2D2A		-0.35528767	
TPD52L1		-0.35577208	
ASB3		-0.35577336	
LIN7C		-0.3559625	
SNX14		-0.35728702	
FAM120C		-0.35751784	
ELP4		-0.35792884	
KIAA1958		-0.3612691	
ANKLE1		-0.36138046	
ANKRD30BL		-0.36182618	
ZNF431		-0.36182743	
DECR1		-0.3622285	
SECISBP2L		-0.36223415	
ZNF37A		-0.36261743	
ICOSLG		-0.36335793	
GALNT15		-0.36367497	
MPLKIP		-0.36491895	
GOLGB1		-0.36664945	
ARHGAP22		-0.36786798	
SGCE		-0.36803812	
VPS33A		-0.368151	
A4GALT		-0.36960232	
ETS1		-0.37113833	
C5AR2		-0.37328893	
KIAA0586		-0.3739771	
SVIL-AS1		-0.3742128	
ZNF37BP		-0.37475684	
STEEP1		-0.37482843	
ARFGEF3		-0.37584862	
EDRF1		-0.37784737	
DDX60L		-0.37872937	
ABCA9		-0.37885594	
NVL		-0.37925795	
PCBP3		-0.38105896	
ZNF101		-0.38261253	
ELOC		-0.38276562	
ACADSB		-0.3846362	
QTRT2		-0.38520247	
SCN7A		-0.38732156	
NUPR1		-0.38778237	
NANS		-0.38794667	
WRN		-0.38845223	
PALD1		-0.38980335	
WDR26		-0.38988063	
CALCOCO2		-0.39017898	
SLC38A6		-0.3908334	
CFAP74		-0.39103428	
AMN1		-0.39116356	
CCDC144B		-0.39157286	
AP3B1		-0.39159998	
SCN1A		-0.39266405	
FBN3		-0.3955313	
GLRX3		-0.39601648	
EXOSC6		-0.39611983	
GFAP		-0.39686766	
ZNF766		-0.3969794	
GINS1		-0.397117	
NCOR1		-0.39728045	
BRIP1		-0.39757773	
VHL		-0.39773372	
ZNF124		-0.39826447	
IL1RAP		-0.39881352	
FANCB		-0.39931226	
HACD3		-0.3996567	
MBD5		-0.4012689	
CUL4B		-0.40130088	
NUDT19		-0.40270102	
RIMS2		-0.4040705	
BLNK		-0.40469757	
ZNF224		-0.40648693	
ME2		-0.40689424	
SEMA4D		-0.4069625	
PGLYRP3		-0.40873602	
ZNF320		-0.40957898	
TBC1D8		-0.40960193	
G3BP2		-0.40960443	
RAD9B		-0.40974572	
MRNIP		-0.40981314	
AACS		-0.4123077	
CPS1		-0.41250914	
ZNF557		-0.41299614	
OR2L2		-0.41451493	
ALPK1		-0.4147155	
OPHN1		-0.4174106	
COL4A4		-0.41776526	
TERF1		-0.41817123	
ATP10B		-0.41852823	
PTGR1		-0.42221507	
OAS1		-0.42315248	
CRELD1		-0.42391518	
GDAP1		-0.42439148	
KLRD1		-0.42463362	
TSEN2		-0.42507118	
RGS7		-0.42735836	
RABGEF1P1		-0.4292898	
TMEM212		-0.43017903	
DAPK2		-0.43159792	
NUCB2		-0.43168274	
LST1		-0.43188688	
FER1L4		-0.434055	
SLC37A2		-0.43604568	
ZNF841		-0.43671948	
DCLRE1C		-0.43676874	
CSPG4P12		-0.43677795	
C1orf159		-0.43702096	
ZNF519		-0.4370906	
TBC1D32		-0.43747473	
CNKSR2		-0.43892202	
WTIP		-0.44075796	
NUGGC		-0.4415596	
ERCC4		-0.44201684	
RTKN2		-0.44274443	
DPM1		-0.4445622	
REL		-0.44501114	
SLC30A4		-0.44516963	
OR1I1		-0.44528595	
ZNF850		-0.44582343	
FAM120AOS		-0.4473758	
OR9H1P		-0.4475424	
ACSM2A		-0.45031878	
SPIB		-0.4515081	
COL28A1		-0.45205024	
BBS5		-0.45288533	
SATL1		-0.4533465	
ASTN2		-0.4549505	
MID1		-0.4550427	
EBNA1BP2		-0.45527348	
ZNF670-ZNF695		-0.45532534	
EYA1		-0.45564142	
PFKM		-0.4592232	
MFAP3		-0.46154413	
CAMK2N1		-0.46177804	
KATNBL1		-0.4631628	
CACNB2		-0.46471867	
ZNF8		-0.46486828	
CYB5RL		-0.46495077	
DNAL1		-0.46584615	
ZNF667		-0.46692076	
ZFPM2		-0.46739754	
COPS2		-0.4678852	
ADGRV1		-0.46960354	
PLEKHH2		-0.470223	
NPIPB2		-0.47110528	
MAP3K5		-0.47128657	
ADAT1		-0.47146448	
TP73-AS1		-0.47175005	
PPHLN1		-0.4723552	
ZNF773		-0.47329506	
THUMPD1		-0.47331807	
CA13		-0.47376612	
PSIP1		-0.47522315	
IFNAR2		-0.4752423	
HERC2P2		-0.4756972	
TMC2		-0.4760223	
RCSD1		-0.47603688	
NPIPB13		-0.48030603	
HELLS		-0.4807784	
ACE		-0.48123118	
GFOD2		-0.4826427	
ACKR2		-0.48331597	
ZNF333		-0.48361203	
MAPK6		-0.48381835	
RNA5SP202		-0.48567522	
ERCC8		-0.4889215	
GOLGA2P11		-0.4907896	
PTCH2		-0.49226987	
DLEU7		-0.49255094	
OR10H1		-0.4929679	
SLX4		-0.49412122	
IQCG		-0.49437445	
LPA		-0.49672323	
CCDC194		-0.49932775	
WDR89		-0.5005706	
EPHA7		-0.50162476	
PDE10A		-0.50210226	
CYSLTR1		-0.502298	
CSRNP2		-0.5026014	
ALG14		-0.5026446	
SULT1B1		-0.50308365	
PNPLA4		-0.504216	
SLC35E3		-0.504447	
FAM177A1		-0.5045099	
KCNE4		-0.5072404	
PEAK1		-0.50866693	
CDH8		-0.50905496	
RASSF3		-0.5092484	
GPR35		-0.50933677	
ZNF585A		-0.50985813	
TNFAIP8L1		-0.50998443	
RELN		-0.51210296	
COLEC12		-0.51227194	
SYT5		-0.51352096	
WDPCP		-0.51415753	
ZNF780A		-0.5149708	
OR14J1		-0.51521206	
PRDM5		-0.5152419	
SPATA6L		-0.5157771	
AKAP6		-0.51613927	
CES3		-0.51616365	
VPS53		-0.5170646	
ABCB9		-0.51771367	
CNTN2		-0.518357	
CEP89		-0.51930416	
SCART1		-0.52111495	
PAAF1		-0.5215997	
CABP4		-0.5219377	
ATP1A4		-0.5224982	
ATE1		-0.52290857	
ZNF440		-0.52362305	
EP400P1		-0.5243215	
RASGRP3		-0.524854	
CARD14		-0.5268165	
BRAP		-0.52952546	
GTF2H5		-0.52965873	
RPGRIP1L		-0.530059	
RXYLT1		-0.5314483	
ATP6V0A2		-0.532939	
GRIK2		-0.53588474	
BORCS8		-0.5366766	
ZNF793		-0.5379773	
GARIN1A		-0.53825074	
CCDC162P		-0.53870326	
HERC2P7		-0.5394347	
ZNF131		-0.54013836	
LSAMP		-0.540258	
OR6Y1		-0.5409695	
FAM98C		-0.5412693	
SCN3B		-0.54183805	
MAGI2		-0.54282534	
STK33		-0.5429644	
SLC25A26		-0.5432021	
FAM47E		-0.5446241	
ANO10		-0.5468873	
OR52E4		-0.5476702	
SUZ12P1		-0.5481649	
OR2T12		-0.549589	
GPHN		-0.5498863	
NEK1		-0.5505157	
NPHP1		-0.55150074	
ZNF471		-0.5521079	
HSPA12A		-0.5529353	
ZNF70		-0.5542477	
LMX1B		-0.55642414	
MLIP		-0.55649215	
CROCCP2		-0.55811346	
DUX4L26		-0.5584288	
KPNA5		-0.5633337	
ZNF611		-0.56340545	
RASEF		-0.5662178	
LRRC28		-0.5678081	
SETMAR		-0.56783456	
GPSM2		-0.56861746	
TLCD2		-0.5687143	
BIVM		-0.5687159	
MPV17L		-0.569063	
SPIRE2		-0.56934965	
OR10G3		-0.5695122	
SLC38A9		-0.5716334	
RPS6KL1		-0.5717718	
SLC6A1		-0.5720197	
CCDC171		-0.5746491	
ETFDH		-0.5759821	
TSPYL1		-0.5783416	
SCIN		-0.5784519	
ZNF383		-0.5786449	
GOLGA2P5		-0.5799018	
OR1A1		-0.58022416	
PKNOX2		-0.58031005	
SCGB2B2		-0.58199215	
C2orf50		-0.5822486	
ABRAXAS1		-0.58339256	
ZDHHC15		-0.5836202	
FANCM		-0.5848659	
GPR137C		-0.585882	
TF		-0.586345	
TFPI		-0.58842754	
FAM153A		-0.5907409	
EYS		-0.59128445	
CENPBD2P		-0.5915786	
CRYZL2P		-0.59311754	
GVQW3		-0.59522206	
FAM221A		-0.5959928	
TMEM120B		-0.5967301	
ATP7A		-0.5979861	
PRKN		-0.598535	
SIAH1		-0.60072577	
PDPK1		-0.6008233	
IGFL4		-0.60089785	
MED18		-0.6012113	
SNTN		-0.6017106	
ZNF529		-0.60269636	
NBPF9		-0.60375565	
CALCRL		-0.60436195	
IQCM		-0.60458267	
ARHGAP29		-0.60718423	
BRD3OS		-0.6077151	
HERC2P5		-0.60885805	
INO80C		-0.6090104	
SMG1P7		-0.60917956	
C4orf46P2		-0.6098105	
GTF2IP12		-0.6100194	
CACNB4		-0.61002755	
ZNF19		-0.61103666	
ZNF737		-0.61244833	
DUX4		-0.6130213	
C12orf4		-0.6135322	
MT-CYB		-0.61377937	
ANKRD26		-0.6143898	
SLC30A2		-0.61680484	
STS		-0.6175096	
OR1D2		-0.6179174	
REST		-0.6181725	
ABCC8		-0.6190167	
FBXL2		-0.62015224	
ZNF208		-0.62170863	
MT-ND1		-0.6221499	
TUBA8		-0.622988	
MKS1		-0.6237503	
USP33		-0.6246718	
OPRD1		-0.625678	
MT-ND5		-0.6278945	
LCLAT1		-0.6283077	
AP4S1		-0.6289609	
ZNF789		-0.6293037	
GALC		-0.630828	
CPQ		-0.6309355	
INPP5B		-0.6325668	
SLC4A5		-0.63390255	
MTNR1A		-0.6352046	
RPLP0P2		-0.6352753	
ARSG		-0.6357209	
SNAP25		-0.63649166	
RP1		-0.6369135	
GBP4		-0.63724697	
CDON		-0.63742846	
ADGRD2		-0.6381845	
TBC1D30		-0.63830644	
MECOM		-0.6389239	
MFSD4B		-0.6412369	
CHST12		-0.64228463	
GNRHR2		-0.6443049	
IFT81		-0.64492434	
EFHC1		-0.6454611	
MRPL45P2		-0.6469319	
AK9		-0.6495178	
HTN1		-0.6499461	
NKAIN3		-0.6509393	
OLA1P3		-0.65101063	
TEKT4P2		-0.6526651	
HAVCR2		-0.65364003	
CWC27		-0.6541033	
SBK1		-0.6555363	
MS4A4E		-0.6561092	
TEX9		-0.65872973	
UTS2R		-0.6590738	
KCNB1		-0.6610835	
ZNF506		-0.6631155	
HERC2		-0.6644173	
CCDC90B		-0.66535264	
TRIM22		-0.66618294	
ABCG1		-0.66744304	
NDUFAF2		-0.6676176	
APOL4		-0.66791075	
CCR4		-0.6682612	
ALG11		-0.6695917	
ADAMTSL3		-0.6701703	
WDR31		-0.670656	
FIG4		-0.6719574	
OR7E25P		-0.6731703	
KANK1		-0.67320603	
PNMA2		-0.6740341	
HOOK2		-0.674577	
GJC1		-0.6753178	
PARP15		-0.67681825	
TTC21B		-0.67699	
USP32P3		-0.67863405	
PSPH		-0.67911106	
ORC4		-0.6800705	
SPRYD4		-0.68022215	
FUT8		-0.68196213	
SRGAP3		-0.68197364	
NPFFR1		-0.6842773	
SLFN12L		-0.6845887	
CYP46A1		-0.68506646	
HLA-L		-0.68641394	
ATP9B		-0.6866624	
MT-CO1		-0.6875518	
OR6C74		-0.6889817	
OPRM1		-0.68930876	
C2orf92		-0.6893182	
PTPN11		-0.6894417	
PDF		-0.6897109	
ZNF528		-0.69123256	
CASR		-0.6920842	
ATL1		-0.69243157	
ADI1		-0.695777	
TMED8		-0.69616085	
OR10K1		-0.69804233	
TM9SF5P		-0.70180017	
LINC01667		-0.70198816	
RTTN		-0.7030046	
ANKRD20A19P		-0.70339805	
FCRL5		-0.70347697	
CLN5		-0.7035407	
CALHM5		-0.70379514	
S1PR3		-0.704117	
CAPS2		-0.70562583	
APOL6		-0.70585054	
POU2AF1		-0.70694244	
ANKRD20A7P		-0.7089854	
SLC25A48		-0.7127393	
MT-ATP8		-0.71696496	
PCSK5		-0.7180392	
RP1L1		-0.71842897	
ZNF83		-0.72028255	
SHC4		-0.72048956	
MTATP6P1		-0.72371125	
CRYZL1		-0.72419655	
CRYBB2P1		-0.7242807	
FRG1CP		-0.7243663	
OR7E122P		-0.72529846	
RSRP1		-0.72542685	
FSIP2		-0.7257623	
TPH2		-0.7261996	
GABRA2		-0.7271274	
IGF2BP1		-0.72722983	
OR6C75		-0.7281149	
SLC47A1		-0.7293324	
AP1S3		-0.72963786	
LRRK2		-0.73267686	
POLR3K		-0.73277295	
CCDC125		-0.7328828	
ANKRD20A8P		-0.7344917	
KCNV1		-0.7366709	
XRCC2		-0.74061453	
DDTL		-0.7419312	
PDP2		-0.74290687	
POTEB3		-0.74291295	
LINC02210		-0.74385977	
TBC1D8B		-0.744722	
RASGRP1		-0.746592	
TPTEP1		-0.7466617	
MFSD13A		-0.7491031	
PCBD2		-0.75159204	
GAD2		-0.752468	
SDHAP4		-0.75273484	
KCNK6		-0.7529736	
LHFPL5		-0.7557441	
ZSCAN30		-0.75774455	
TRIM16L		-0.75788873	
HLCS		-0.7579563	
MT-ND6		-0.75851125	
MROH7		-0.7587965	
KLF15		-0.759109	
CCDC169		-0.7612967	
CSF2RA		-0.7627485	
KLHL6		-0.76365876	
AIMP1		-0.7657765	
BMP8B		-0.76614606	
LRRTM4		-0.7691819	
FAM86C1P		-0.76975	
CCDC13		-0.7703282	
ZNF788P		-0.7704926	
H2AX		-0.77114433	
CMKLR1		-0.77471817	
ERVK3-1		-0.77604127	
MIPOL1		-0.779979	
FRK		-0.7800156	
MYLK3		-0.7826579	
OR4D9		-0.7827689	
TPTE2P2		-0.78310597	
MED9		-0.78314465	
PPIAP46		-0.78330016	
REXO1L1P		-0.7838828	
CDC27		-0.78662467	
PGBD2		-0.7890985	
CCDC88A		-0.7895999	
CCBE1		-0.7904323	
IQGAP2		-0.790464	
MYORG		-0.7918582	
TRAPPC3L		-0.79262114	
ODF2L		-0.79269737	
ZNF347		-0.7961434	
ZNF345		-0.7961533	
NEGR1		-0.7968484	
C5		-0.79764336	
ZBTB8A		-0.79844844	
MT-ND3		-0.7984487	
FAM228B		-0.7984646	
SCGB3A2		-0.79941267	
MCF2L2		-0.7998466	
ABHD12B		-0.80034333	
EMBP1		-0.801486	
CFAP54		-0.8024367	
OPA3		-0.803167	
DMD		-0.80547833	
PALS1		-0.8063244	
FTO		-0.8072695	
OR4F17		-0.8080217	
TSSC2		-0.81099766	
EMC3-AS1		-0.8116315	
ZNF761		-0.8124117	
OR2G6		-0.8134776	
ABCB11		-0.81448555	
CFAP298-TCP10L		-0.8155127	
AHI1		-0.81860834	
IFT22		-0.82120204	
PIGN		-0.8254299	
MT-CO3		-0.82563657	
ZNF544		-0.82602656	
PCDHA4		-0.82710207	
ATP8A2		-0.82747215	
RPS27L		-0.82774705	
ADAM32		-0.8281795	
CCDC30		-0.82945675	
SLC1A6		-0.83413297	
MT-ATP6		-0.8343782	
MT-ND2		-0.8347634	
MYO15A		-0.83667165	
SETDB2		-0.83687615	
ZNF480		-0.83868265	
MORC4		-0.83903736	
HHLA1		-0.8406895	
POTEM		-0.8410956	
CCDC82		-0.84209365	
HLA-DQA1		-0.8434224	
HERC2P8		-0.84344184	
ELAVL1		-0.84463114	
NMNAT3		-0.84526	
CHMP1B		-0.8463642	
KANTR		-0.8471696	
MCFD2		-0.847587	
FOXD4L5		-0.85128963	
HNRNPA1P54		-0.85629267	
PSMD9		-0.8573956	
RDH16		-0.85803986	
KIF5C		-0.8601747	
PLCXD3		-0.8617261	
FOXL2NB		-0.8624157	
USP17L2		-0.86780643	
FCN1		-0.8681757	
OR10H5		-0.87107056	
USP6		-0.8724566	
OR5AS1		-0.87598336	
INTU		-0.876942	
GADL1		-0.8778376	
MAB21L3		-0.87970436	
PDCL3P4		-0.88369954	
RPS10P7		-0.89607024	
ZNF66		-0.8982989	
CD247		-0.8997083	
TSPAN10		-0.90322256	
SLC22A25		-0.90395343	
TMEM45A		-0.90418696	
OR5A1		-0.90979695	
ZNF483		-0.91047627	
MT-ND4		-0.9136733	
CECR7		-0.9141856	
GASK1A		-0.91479367	
RPL23AP82		-0.9189559	
DNM1P46		-0.919131	
STARD8		-0.9228181	
AKR1B15		-0.9255152	
PCLAF		-0.92855036	
OR2AT4		-0.9289122	
ZNF556		-0.9312598	
GABRG2		-0.9362722	
OR5A2		-0.9377431	
ZNF774		-0.93863124	
NAV3		-0.93957466	
DNAH11		-0.941394	
MT-CO2		-0.9414452	
CCDC144A		-0.94357085	
OR6D1P		-0.94496524	
LIAS		-0.9460773	
DHFRP2		-0.9526631	
FBXO15		-0.9526795	
UNC80		-0.9585154	
KLHL33		-0.9610365	
IFTAP		-0.96168447	
KIAA1328		-0.9640476	
KCNJ6		-0.96610093	
LINC00674		-0.9679127	
WHAMMP3		-0.9700782	
CD300E		-0.9709785	
NEDD4		-0.9749447	
MYT1L		-0.98099595	
TTC34		-0.982595	
KYNU		-0.98501813	
FANCL		-0.98546875	
ONECUT3		-0.987291	
ACER3		-0.9877232	
FAM151B		-0.9903796	
GREP1		-0.99217695	
GPR174		-0.9981499	
TIGD1		-0.99958724	
SPTLC3		-1.0008692	
ORC6		-1.0036448	
CTCFL		-1.0053684	
FER1L5		-1.0056386	
TNFRSF13B		-1.0056654	
ADRA1A		-1.0063256	
BLOC1S6		-1.0106807	
SAMD12		-1.0108031	
HLA-V		-1.0208122	
MAPK10		-1.0231369	
FAM241A		-1.0234886	
ADAP1		-1.03458	
ZBTB8B		-1.0376459	
SLC6A20		-1.0377096	
ROCK1P1		-1.039827	
MEIS2		-1.043372	
B4GALNT2		-1.0479687	
RDH13		-1.0540518	
ARGFX		-1.0601557	
C2CD3		-1.0615677	
PSEN2		-1.0630928	
SEPTIN7P2		-1.0662565	
PRDM7		-1.0689129	
KCNMB1		-1.0700927	
CFAP70		-1.0717297	
SERAC1		-1.0777618	
C15orf40		-1.0795221	
RNFT2		-1.0820683	
ERVW-1		-1.0993018	
PMS2P4		-1.1064717	
MT-ND4L		-1.1144114	
GTF2IP13		-1.1164924	
NOPCHAP1		-1.1246448	
MTRFR		-1.1376582	
TSTD3		-1.1475545	
ZNHIT3		-1.1532034	
SSTR2		-1.1768014	
BRCA1		-1.181108	
ZNF585B		-1.2073463	
TRNT1		-1.2189858	
TMC1		-1.2354268	
SHISA9		-1.2431726	
OR11A1		-1.2474642	
RAD51C		-1.2677559	
CCDC57		-1.2783617	
ATP7B		-1.2969966	
BMS1P23		-1.4109483	
OR2M3		-1.4118307	
C12orf50		-1.4775856	
CCDC122		-2.154368	
